244240, 259, 4084, -759, 74, 3088014d-5586-4eed-a7c4-d4272e876ab0, , berdiri, bersedekap, , 
244278, 286, 4040, -831, 74, 3088014d-5586-4eed-a7c4-d4272e876ab0, , berdiri, bersedekap, , 
244317, 292, 4022, -810, 74, 3088014d-5586-4eed-a7c4-d4272e876ab0, , berdiri, bersedekap, , 
244355, 328, 4009, -727, 74, 3088014d-5586-4eed-a7c4-d4272e876ab0, , berdiri, bersedekap, , 
244393, 265, 3957, -705, 74, 3088014d-5586-4eed-a7c4-d4272e876ab0, , berdiri, bersedekap, , 
244431, 277, 3989, -728, 74, 3088014d-5586-4eed-a7c4-d4272e876ab0, , berdiri, bersedekap, , 
244469, 270, 4007, -671, 74, 3088014d-5586-4eed-a7c4-d4272e876ab0, , berdiri, bersedekap, , 
244508, 169, 3981, -702, 74, 3088014d-5586-4eed-a7c4-d4272e876ab0, , berdiri, bersedekap, , 
244545, 182, 4040, -706, 74, 3088014d-5586-4eed-a7c4-d4272e876ab0, , berdiri, bersedekap, , 
244583, 182, 4096, -728, 74, 3088014d-5586-4eed-a7c4-d4272e876ab0, , berdiri, bersedekap, , 
244621, 150, 4052, -788, 74, 3088014d-5586-4eed-a7c4-d4272e876ab0, , berdiri, bersedekap, , 
244659, 109, 4068, -784, 74, 3088014d-5586-4eed-a7c4-d4272e876ab0, , berdiri, bersedekap, , 
244697, 118, 4047, -792, 74, 3088014d-5586-4eed-a7c4-d4272e876ab0, , berdiri, bersedekap, , 
244734, 95, 4005, -757, 74, 3088014d-5586-4eed-a7c4-d4272e876ab0, , berdiri, bersedekap, , 
244772, 126, 4039, -776, 74, 3088014d-5586-4eed-a7c4-d4272e876ab0, , berdiri, bersedekap, , 
244810, 173, 4085, -764, 74, 3088014d-5586-4eed-a7c4-d4272e876ab0, , berdiri, bersedekap, , 
244848, 181, 4056, -786, 74, 3088014d-5586-4eed-a7c4-d4272e876ab0, , berdiri, bersedekap, , 
244886, 181, 3995, -799, 74, 3088014d-5586-4eed-a7c4-d4272e876ab0, , berdiri, bersedekap, , 
244927, 235, 3976, -767, 74, 3088014d-5586-4eed-a7c4-d4272e876ab0, , berdiri, bersedekap, , 
244969, 269, 3995, -769, 74, 3088014d-5586-4eed-a7c4-d4272e876ab0, , berdiri, bersedekap, , 
245010, 294, 4030, -798, 74, 3088014d-5586-4eed-a7c4-d4272e876ab0, , berdiri, bersedekap, , 
245052, 306, 4027, -774, 74, 3088014d-5586-4eed-a7c4-d4272e876ab0, , berdiri, bersedekap, , 
245094, 296, 4039, -785, 74, 3088014d-5586-4eed-a7c4-d4272e876ab0, , berdiri, bersedekap, , 
245135, 282, 4022, -816, 74, 3088014d-5586-4eed-a7c4-d4272e876ab0, , berdiri, bersedekap, , 
245177, 254, 4030, -785, 74, 3088014d-5586-4eed-a7c4-d4272e876ab0, , berdiri, bersedekap, , 
245218, 234, 4022, -789, 74, 3088014d-5586-4eed-a7c4-d4272e876ab0, , berdiri, bersedekap, , 
245260, 242, 4043, -815, 74, 3088014d-5586-4eed-a7c4-d4272e876ab0, , berdiri, bersedekap, , 
245302, 236, 4051, -812, 74, 3088014d-5586-4eed-a7c4-d4272e876ab0, , berdiri, bersedekap, , 
245337, 210, 4017, -743, 74, 3088014d-5586-4eed-a7c4-d4272e876ab0, , berdiri, bersedekap, , 
245372, 218, 4021, -839, 74, 3088014d-5586-4eed-a7c4-d4272e876ab0, , berdiri, bersedekap, , 
245408, 241, 4050, -851, 74, 3088014d-5586-4eed-a7c4-d4272e876ab0, , berdiri, bersedekap, , 
245443, 213, 4001, -826, 74, 3088014d-5586-4eed-a7c4-d4272e876ab0, , berdiri, bersedekap, , 
245479, 225, 3991, -813, 74, 3088014d-5586-4eed-a7c4-d4272e876ab0, , berdiri, bersedekap, , 
245514, 236, 4029, -818, 74, 3088014d-5586-4eed-a7c4-d4272e876ab0, , berdiri, bersedekap, , 
245550, 223, 4012, -820, 74, 3088014d-5586-4eed-a7c4-d4272e876ab0, , berdiri, bersedekap, , 
245585, 260, 4006, -851, 74, 3088014d-5586-4eed-a7c4-d4272e876ab0, , berdiri, bersedekap, , 
245621, 274, 3969, -815, 74, 3088014d-5586-4eed-a7c4-d4272e876ab0, , berdiri, bersedekap, , 
245656, 272, 4028, -839, 74, 3088014d-5586-4eed-a7c4-d4272e876ab0, , berdiri, bersedekap, , 
245692, 275, 4020, -910, 74, 3088014d-5586-4eed-a7c4-d4272e876ab0, , berdiri, bersedekap, , 
245731, 255, 4014, -855, 74, 3088014d-5586-4eed-a7c4-d4272e876ab0, , berdiri, bersedekap, , 
245770, 217, 3957, -856, 74, 3088014d-5586-4eed-a7c4-d4272e876ab0, , berdiri, bersedekap, , 
245810, 267, 3982, -863, 74, 3088014d-5586-4eed-a7c4-d4272e876ab0, , berdiri, bersedekap, , 
245849, 263, 3991, -894, 74, 3088014d-5586-4eed-a7c4-d4272e876ab0, , berdiri, bersedekap, , 
245889, 282, 4018, -873, 74, 3088014d-5586-4eed-a7c4-d4272e876ab0, , berdiri, bersedekap, , 
245928, 295, 4002, -902, 74, 3088014d-5586-4eed-a7c4-d4272e876ab0, , berdiri, bersedekap, , 
245967, 302, 4012, -879, 74, 3088014d-5586-4eed-a7c4-d4272e876ab0, , berdiri, bersedekap, , 
246007, 279, 3991, -874, 74, 3088014d-5586-4eed-a7c4-d4272e876ab0, , berdiri, bersedekap, , 
246046, 280, 3999, -864, 74, 3088014d-5586-4eed-a7c4-d4272e876ab0, , berdiri, bersedekap, , 
246086, 295, 4002, -880, 74, 3088014d-5586-4eed-a7c4-d4272e876ab0, , berdiri, bersedekap, , 
246127, 286, 3983, -869, 74, 3088014d-5586-4eed-a7c4-d4272e876ab0, , berdiri, bersedekap, , 
246169, 276, 3965, -879, 74, 3088014d-5586-4eed-a7c4-d4272e876ab0, , berdiri, bersedekap, , 
246211, 316, 3928, -873, 74, 3088014d-5586-4eed-a7c4-d4272e876ab0, , berdiri, bersedekap, , 
246253, 301, 3968, -886, 74, 3088014d-5586-4eed-a7c4-d4272e876ab0, , berdiri, bersedekap, , 
246295, 274, 4023, -923, 74, 3088014d-5586-4eed-a7c4-d4272e876ab0, , berdiri, bersedekap, , 
246337, 273, 3997, -882, 74, 3088014d-5586-4eed-a7c4-d4272e876ab0, , berdiri, bersedekap, , 
246379, 252, 3966, -914, 74, 3088014d-5586-4eed-a7c4-d4272e876ab0, , berdiri, bersedekap, , 
246421, 256, 3979, -944, 74, 3088014d-5586-4eed-a7c4-d4272e876ab0, , berdiri, bersedekap, , 
246463, 205, 3946, -927, 74, 3088014d-5586-4eed-a7c4-d4272e876ab0, , berdiri, bersedekap, , 
246505, 252, 4005, -940, 74, 3088014d-5586-4eed-a7c4-d4272e876ab0, , berdiri, bersedekap, , 
246540, 253, 3962, -942, 74, 3088014d-5586-4eed-a7c4-d4272e876ab0, , berdiri, bersedekap, , 
246575, 275, 3931, -976, 74, 3088014d-5586-4eed-a7c4-d4272e876ab0, , berdiri, bersedekap, , 
246610, 241, 3930, -979, 74, 3088014d-5586-4eed-a7c4-d4272e876ab0, , berdiri, bersedekap, , 
246646, 233, 3995, -998, 74, 3088014d-5586-4eed-a7c4-d4272e876ab0, , berdiri, bersedekap, , 
246681, 247, 4004, -1015, 74, 3088014d-5586-4eed-a7c4-d4272e876ab0, , berdiri, bersedekap, , 
246716, 218, 3960, -1011, 74, 3088014d-5586-4eed-a7c4-d4272e876ab0, , berdiri, bersedekap, , 
246751, 206, 3878, -1050, 74, 3088014d-5586-4eed-a7c4-d4272e876ab0, , berdiri, bersedekap, , 
246787, 200, 3910, -1051, 74, 3088014d-5586-4eed-a7c4-d4272e876ab0, , berdiri, bersedekap, , 
246822, 223, 4072, -1038, 74, 3088014d-5586-4eed-a7c4-d4272e876ab0, , berdiri, bersedekap, , 
246857, 222, 4061, -1139, 74, 3088014d-5586-4eed-a7c4-d4272e876ab0, , berdiri, bersedekap, , 
246893, 233, 3923, -1099, 74, 3088014d-5586-4eed-a7c4-d4272e876ab0, , berdiri, bersedekap, , 
246935, 233, 3911, -1092, 74, 3088014d-5586-4eed-a7c4-d4272e876ab0, , berdiri, bersedekap, , 
246978, 259, 3966, -1123, 74, 3088014d-5586-4eed-a7c4-d4272e876ab0, , berdiri, bersedekap, , 
247020, 289, 3998, -1090, 74, 3088014d-5586-4eed-a7c4-d4272e876ab0, , berdiri, bersedekap, , 
247063, 322, 3918, -1065, 74, 3088014d-5586-4eed-a7c4-d4272e876ab0, , berdiri, bersedekap, , 
247106, 271, 3974, -1129, 74, 3088014d-5586-4eed-a7c4-d4272e876ab0, , berdiri, bersedekap, , 
247148, 289, 3925, -1101, 74, 3088014d-5586-4eed-a7c4-d4272e876ab0, , berdiri, bersedekap, , 
247191, 226, 3906, -1102, 74, 3088014d-5586-4eed-a7c4-d4272e876ab0, , berdiri, bersedekap, , 
247233, 268, 3940, -1087, 74, 3088014d-5586-4eed-a7c4-d4272e876ab0, , berdiri, bersedekap, , 
247276, 295, 3969, -1071, 74, 3088014d-5586-4eed-a7c4-d4272e876ab0, , berdiri, bersedekap, , 
247319, 306, 3950, -1058, 74, 3088014d-5586-4eed-a7c4-d4272e876ab0, , berdiri, bersedekap, , 
247352, 277, 3937, -1098, 74, 3088014d-5586-4eed-a7c4-d4272e876ab0, , berdiri, bersedekap, , 
247386, 260, 3974, -1074, 74, 3088014d-5586-4eed-a7c4-d4272e876ab0, , berdiri, bersedekap, , 
247419, 230, 3949, -1059, 74, 3088014d-5586-4eed-a7c4-d4272e876ab0, , berdiri, bersedekap, , 
247453, 223, 3931, -1107, 74, 3088014d-5586-4eed-a7c4-d4272e876ab0, , berdiri, bersedekap, , 
247486, 243, 3992, -1064, 74, 3088014d-5586-4eed-a7c4-d4272e876ab0, , berdiri, bersedekap, , 
247520, 228, 3999, -1056, 74, 3088014d-5586-4eed-a7c4-d4272e876ab0, , berdiri, bersedekap, , 
247553, 264, 3951, -1039, 74, 3088014d-5586-4eed-a7c4-d4272e876ab0, , berdiri, bersedekap, , 
247587, 259, 3912, -1066, 74, 3088014d-5586-4eed-a7c4-d4272e876ab0, , berdiri, bersedekap, , 
247620, 237, 3900, -1065, 74, 3088014d-5586-4eed-a7c4-d4272e876ab0, , berdiri, bersedekap, , 
247654, 238, 3969, -1059, 74, 3088014d-5586-4eed-a7c4-d4272e876ab0, , berdiri, bersedekap, , 
247688, 220, 3974, -1019, 74, 3088014d-5586-4eed-a7c4-d4272e876ab0, , berdiri, bersedekap, , 
247732, 193, 3989, -1027, 74, 3088014d-5586-4eed-a7c4-d4272e876ab0, , berdiri, bersedekap, , 
247777, 183, 3964, -1011, 74, 3088014d-5586-4eed-a7c4-d4272e876ab0, , berdiri, bersedekap, menggaruk_dengan_tangan_lain, 
247822, 203, 4060, -1075, 74, 3088014d-5586-4eed-a7c4-d4272e876ab0, , berdiri, bersedekap, menggaruk_dengan_tangan_lain, 
247867, 102, 4690, -1109, 74, 3088014d-5586-4eed-a7c4-d4272e876ab0, , berdiri, bersedekap, menggaruk_dengan_tangan_lain, 
247912, 391, 4411, -906, 74, 3088014d-5586-4eed-a7c4-d4272e876ab0, , berdiri, bersedekap, menggaruk_dengan_tangan_lain, 
247956, 682, 3800, -1254, 74, 3088014d-5586-4eed-a7c4-d4272e876ab0, , berdiri, bersedekap, menggaruk_dengan_tangan_lain, 
248001, -941, 4161, -590, 74, 3088014d-5586-4eed-a7c4-d4272e876ab0, , berdiri, bersedekap, menggaruk_dengan_tangan_lain, 
248046, -570, 3932, -275, 74, 3088014d-5586-4eed-a7c4-d4272e876ab0, , berdiri, bersedekap, menggaruk_dengan_tangan_lain, 
248091, 181, 4105, -243, 74, 3088014d-5586-4eed-a7c4-d4272e876ab0, , berdiri, bersedekap, menggaruk_dengan_tangan_lain, 
248136, 260, 3883, -240, 74, 3088014d-5586-4eed-a7c4-d4272e876ab0, , berdiri, bersedekap, menggaruk_dengan_tangan_lain, 
248172, 235, 3820, -368, 74, 3088014d-5586-4eed-a7c4-d4272e876ab0, , berdiri, bersedekap, menggaruk_dengan_tangan_lain, 
248208, 324, 3927, -306, 74, 3088014d-5586-4eed-a7c4-d4272e876ab0, , berdiri, bersedekap, menggaruk_dengan_tangan_lain, 
248244, 246, 3958, -470, 74, 3088014d-5586-4eed-a7c4-d4272e876ab0, , berdiri, bersedekap, menggaruk_dengan_tangan_lain, 
248281, 114, 4207, -599, 74, 3088014d-5586-4eed-a7c4-d4272e876ab0, , berdiri, bersedekap, menggaruk_dengan_tangan_lain, 
248317, -2, 4071, -716, 74, 3088014d-5586-4eed-a7c4-d4272e876ab0, , berdiri, bersedekap, menggaruk_dengan_tangan_lain, 
248353, -188, 4409, -858, 74, 3088014d-5586-4eed-a7c4-d4272e876ab0, , berdiri, bersedekap, menggaruk_dengan_tangan_lain, 
248390, 20, 4406, -1050, 74, 3088014d-5586-4eed-a7c4-d4272e876ab0, , berdiri, bersedekap, menggaruk_dengan_tangan_lain, 
248426, 229, 4234, -918, 74, 3088014d-5586-4eed-a7c4-d4272e876ab0, , berdiri, bersedekap, menggaruk_dengan_tangan_lain, 
248462, 408, 3935, -636, 74, 3088014d-5586-4eed-a7c4-d4272e876ab0, , berdiri, bersedekap, menggaruk_dengan_tangan_lain, 
248499, 346, 3731, -818, 74, 3088014d-5586-4eed-a7c4-d4272e876ab0, , berdiri, bersedekap, menggaruk_dengan_tangan_lain, 
248534, 141, 3622, -803, 75, 3088014d-5586-4eed-a7c4-d4272e876ab0, , berdiri, bersedekap, menggaruk_dengan_tangan_lain, 
248569, -26, 3960, -904, 75, 3088014d-5586-4eed-a7c4-d4272e876ab0, , berdiri, bersedekap, menggaruk_dengan_tangan_lain, 
248604, -43, 4186, -1011, 75, 3088014d-5586-4eed-a7c4-d4272e876ab0, , berdiri, bersedekap, menggaruk_dengan_tangan_lain, 
248640, 130, 4154, -969, 75, 3088014d-5586-4eed-a7c4-d4272e876ab0, , berdiri, bersedekap, menggaruk_dengan_tangan_lain, 
248675, 177, 3950, -851, 75, 3088014d-5586-4eed-a7c4-d4272e876ab0, , berdiri, bersedekap, menggaruk_dengan_tangan_lain, 
248710, 160, 3953, -846, 75, 3088014d-5586-4eed-a7c4-d4272e876ab0, , berdiri, bersedekap, menggaruk_dengan_tangan_lain, 
248745, 227, 3852, -928, 75, 3088014d-5586-4eed-a7c4-d4272e876ab0, , berdiri, bersedekap, menggaruk_dengan_tangan_lain, 
248781, 266, 4001, -984, 75, 3088014d-5586-4eed-a7c4-d4272e876ab0, , berdiri, bersedekap, menggaruk_dengan_tangan_lain, 
248816, 269, 4043, -862, 75, 3088014d-5586-4eed-a7c4-d4272e876ab0, , berdiri, bersedekap, menggaruk_dengan_tangan_lain, 
248851, 361, 4163, -827, 75, 3088014d-5586-4eed-a7c4-d4272e876ab0, , berdiri, bersedekap, menggaruk_dengan_tangan_lain, 
248887, 350, 4048, -969, 75, 3088014d-5586-4eed-a7c4-d4272e876ab0, , berdiri, bersedekap, menggaruk_dengan_tangan_lain, 
248927, 85, 3622, -927, 75, 3088014d-5586-4eed-a7c4-d4272e876ab0, , berdiri, bersedekap, menggaruk_dengan_tangan_lain, 
248967, -190, 4006, -917, 75, 3088014d-5586-4eed-a7c4-d4272e876ab0, , berdiri, bersedekap, menggaruk_dengan_tangan_lain, 
249008, -50, 4245, -1057, 75, 3088014d-5586-4eed-a7c4-d4272e876ab0, , berdiri, bersedekap, menggaruk_dengan_tangan_lain, 
249048, 334, 4228, -966, 75, 3088014d-5586-4eed-a7c4-d4272e876ab0, , berdiri, bersedekap, menggaruk_dengan_tangan_lain, 
249089, 524, 3700, -786, 75, 3088014d-5586-4eed-a7c4-d4272e876ab0, , berdiri, bersedekap, menggaruk_dengan_tangan_lain, 
249129, 383, 3759, -851, 75, 3088014d-5586-4eed-a7c4-d4272e876ab0, , berdiri, bersedekap, menggaruk_dengan_tangan_lain, 
249169, 213, 4299, -1049, 75, 3088014d-5586-4eed-a7c4-d4272e876ab0, , berdiri, bersedekap, menggaruk_dengan_tangan_lain, 
249210, 188, 4157, -910, 75, 3088014d-5586-4eed-a7c4-d4272e876ab0, , berdiri, bersedekap, menggaruk_dengan_tangan_lain, 
249250, 152, 3901, -786, 75, 3088014d-5586-4eed-a7c4-d4272e876ab0, , berdiri, bersedekap, menggaruk_dengan_tangan_lain, 
249291, 212, 3830, -795, 75, 3088014d-5586-4eed-a7c4-d4272e876ab0, , berdiri, bersedekap, menggaruk_dengan_tangan_lain, 
249327, 343, 3950, -780, 75, 3088014d-5586-4eed-a7c4-d4272e876ab0, , berdiri, bersedekap, menggaruk_dengan_tangan_lain, 
249363, 292, 4070, -795, 75, 3088014d-5586-4eed-a7c4-d4272e876ab0, , berdiri, bersedekap, menggaruk_dengan_tangan_lain, 
249399, 36, 4043, -712, 75, 3088014d-5586-4eed-a7c4-d4272e876ab0, , berdiri, bersedekap, menggaruk_dengan_tangan_lain, 
249435, -106, 3956, -881, 75, 3088014d-5586-4eed-a7c4-d4272e876ab0, , berdiri, bersedekap, menggaruk_dengan_tangan_lain, 
249471, 39, 4150, -1053, 75, 3088014d-5586-4eed-a7c4-d4272e876ab0, , berdiri, bersedekap, menggaruk_dengan_tangan_lain, 
249507, 310, 4132, -848, 75, 3088014d-5586-4eed-a7c4-d4272e876ab0, , berdiri, bersedekap, menggaruk_dengan_tangan_lain, 
249543, 398, 3997, -720, 75, 3088014d-5586-4eed-a7c4-d4272e876ab0, , berdiri, bersedekap, menggaruk_dengan_tangan_lain, 
249579, 323, 3763, -673, 75, 3088014d-5586-4eed-a7c4-d4272e876ab0, , berdiri, bersedekap, menggaruk_dengan_tangan_lain, 
249615, 218, 3856, -755, 75, 3088014d-5586-4eed-a7c4-d4272e876ab0, , berdiri, bersedekap, menggaruk_dengan_tangan_lain, 
249651, 174, 4109, -876, 75, 3088014d-5586-4eed-a7c4-d4272e876ab0, , berdiri, bersedekap, menggaruk_dengan_tangan_lain, 
249687, 250, 4130, -765, 75, 3088014d-5586-4eed-a7c4-d4272e876ab0, , berdiri, bersedekap, menggaruk_dengan_tangan_lain, 
249727, 182, 3939, -771, 75, 3088014d-5586-4eed-a7c4-d4272e876ab0, , berdiri, bersedekap, menggaruk_dengan_tangan_lain, 
249767, 163, 4085, -819, 75, 3088014d-5586-4eed-a7c4-d4272e876ab0, , berdiri, bersedekap, menggaruk_dengan_tangan_lain, 
249807, 195, 3988, -810, 75, 3088014d-5586-4eed-a7c4-d4272e876ab0, , berdiri, bersedekap, menggaruk_dengan_tangan_lain, 
249847, 165, 4026, -817, 75, 3088014d-5586-4eed-a7c4-d4272e876ab0, , berdiri, bersedekap, menggaruk_dengan_tangan_lain, 
249888, 133, 3971, -720, 75, 3088014d-5586-4eed-a7c4-d4272e876ab0, , berdiri, bersedekap, menggaruk_dengan_tangan_lain, 
249928, 88, 4159, -898, 75, 3088014d-5586-4eed-a7c4-d4272e876ab0, , berdiri, bersedekap, menggaruk_dengan_tangan_lain, 
249968, 277, 4153, -824, 75, 3088014d-5586-4eed-a7c4-d4272e876ab0, , berdiri, bersedekap, menggaruk_dengan_tangan_lain, 
250008, 425, 4013, -673, 75, 3088014d-5586-4eed-a7c4-d4272e876ab0, , berdiri, bersedekap, menggaruk_dengan_tangan_lain, 
250048, 422, 3865, -678, 75, 3088014d-5586-4eed-a7c4-d4272e876ab0, , berdiri, bersedekap, menggaruk_dengan_tangan_lain, 
250089, 305, 3712, -757, 75, 3088014d-5586-4eed-a7c4-d4272e876ab0, , berdiri, bersedekap, menggaruk_dengan_tangan_lain, 
250131, 133, 4214, -973, 75, 3088014d-5586-4eed-a7c4-d4272e876ab0, , berdiri, bersedekap, menggaruk_dengan_tangan_lain, 
250173, 214, 4200, -805, 75, 3088014d-5586-4eed-a7c4-d4272e876ab0, , berdiri, bersedekap, menggaruk_dengan_tangan_lain, 
250215, 340, 3966, -712, 75, 3088014d-5586-4eed-a7c4-d4272e876ab0, , berdiri, bersedekap, menggaruk_dengan_tangan_lain, 
250257, 271, 3974, -785, 75, 3088014d-5586-4eed-a7c4-d4272e876ab0, , berdiri, bersedekap, menggaruk_dengan_tangan_lain, 
250299, 198, 4030, -850, 75, 3088014d-5586-4eed-a7c4-d4272e876ab0, , berdiri, bersedekap, menggaruk_dengan_tangan_lain, 
250341, 224, 4065, -832, 75, 3088014d-5586-4eed-a7c4-d4272e876ab0, , berdiri, bersedekap, menggaruk_dengan_tangan_lain, 
250383, 289, 3980, -771, 75, 3088014d-5586-4eed-a7c4-d4272e876ab0, , berdiri, bersedekap, menggaruk_dengan_tangan_lain, 
250425, 311, 3995, -738, 75, 3088014d-5586-4eed-a7c4-d4272e876ab0, , berdiri, bersedekap, menggaruk_dengan_tangan_lain, 
250467, 267, 4086, -703, 75, 3088014d-5586-4eed-a7c4-d4272e876ab0, , berdiri, bersedekap, menggaruk_dengan_tangan_lain, 
250509, 173, 4087, -832, 75, 3088014d-5586-4eed-a7c4-d4272e876ab0, , berdiri, bersedekap, menggaruk_dengan_tangan_lain, 
250543, 267, 4075, -816, 75, 3088014d-5586-4eed-a7c4-d4272e876ab0, , berdiri, bersedekap, menggaruk_dengan_tangan_lain, 
250577, 338, 3983, -649, 75, 3088014d-5586-4eed-a7c4-d4272e876ab0, , berdiri, bersedekap, menggaruk_dengan_tangan_lain, 
250611, 343, 4009, -830, 75, 3088014d-5586-4eed-a7c4-d4272e876ab0, , berdiri, bersedekap, menggaruk_dengan_tangan_lain, 
250645, 98, 4029, -840, 75, 3088014d-5586-4eed-a7c4-d4272e876ab0, , berdiri, bersedekap, menggaruk_dengan_tangan_lain, 
250679, 62, 4108, -792, 75, 3088014d-5586-4eed-a7c4-d4272e876ab0, , berdiri, bersedekap, menggaruk_dengan_tangan_lain, 
250713, 198, 4327, -705, 75, 3088014d-5586-4eed-a7c4-d4272e876ab0, , berdiri, bersedekap, menggaruk_dengan_tangan_lain, 
250747, 353, 4023, -686, 75, 3088014d-5586-4eed-a7c4-d4272e876ab0, , berdiri, bersedekap, menggaruk_dengan_tangan_lain, 
250781, 420, 4031, -692, 75, 3088014d-5586-4eed-a7c4-d4272e876ab0, , berdiri, bersedekap, menggaruk_dengan_tangan_lain, 
250815, 621, 4481, -61, 75, 3088014d-5586-4eed-a7c4-d4272e876ab0, , berdiri, bersedekap, menggaruk_dengan_tangan_lain, 
250849, 559, 4259, -104, 75, 3088014d-5586-4eed-a7c4-d4272e876ab0, , berdiri, bersedekap, menggaruk_dengan_tangan_lain, 
250884, 589, 4218, 65, 75, 3088014d-5586-4eed-a7c4-d4272e876ab0, , berdiri, bersedekap, menggaruk_dengan_tangan_lain, 
250924, 741, 3829, 198, 75, 3088014d-5586-4eed-a7c4-d4272e876ab0, , berdiri, bersedekap, menggaruk_dengan_tangan_lain, 
250964, 819, 3927, 50, 75, 3088014d-5586-4eed-a7c4-d4272e876ab0, , berdiri, bersedekap, menggaruk_dengan_tangan_lain, 
251005, 243, 3396, 367, 75, 3088014d-5586-4eed-a7c4-d4272e876ab0, , berdiri, bersedekap, menggaruk_dengan_tangan_lain, 
251045, 647, 3506, 579, 75, 3088014d-5586-4eed-a7c4-d4272e876ab0, , berdiri, bersedekap, menggaruk_dengan_tangan_lain, 
251086, 155, 3450, 267, 75, 3088014d-5586-4eed-a7c4-d4272e876ab0, , berdiri, bersedekap, menggaruk_dengan_tangan_lain, 
251126, 461, 3499, -320, 75, 3088014d-5586-4eed-a7c4-d4272e876ab0, , berdiri, bersedekap, menggaruk_dengan_tangan_lain, 
251166, 418, 3634, -663, 75, 3088014d-5586-4eed-a7c4-d4272e876ab0, , berdiri, bersedekap, menggaruk_dengan_tangan_lain, 
251207, 462, 4060, -256, 75, 3088014d-5586-4eed-a7c4-d4272e876ab0, , berdiri, bersedekap, menggaruk_dengan_tangan_lain, 
251247, -140, 4907, -375, 75, 3088014d-5586-4eed-a7c4-d4272e876ab0, , berdiri, bersedekap, menggaruk_dengan_tangan_lain, 
251288, 333, 4864, -924, 75, 3088014d-5586-4eed-a7c4-d4272e876ab0, , berdiri, bersedekap, menggaruk_dengan_tangan_lain, 
251324, 473, 4470, -1029, 75, 3088014d-5586-4eed-a7c4-d4272e876ab0, , berdiri, bersedekap, menggaruk_dengan_tangan_lain, 
251361, 483, 3951, -1015, 75, 3088014d-5586-4eed-a7c4-d4272e876ab0, , berdiri, bersedekap, menggaruk_dengan_tangan_lain, 
251398, 377, 3735, -1030, 75, 3088014d-5586-4eed-a7c4-d4272e876ab0, , berdiri, bersedekap, menggaruk_dengan_tangan_lain, 
251434, 172, 3827, -1014, 75, 3088014d-5586-4eed-a7c4-d4272e876ab0, , berdiri, bersedekap, menggaruk_dengan_tangan_lain, 
251471, 56, 4013, -1105, 75, 3088014d-5586-4eed-a7c4-d4272e876ab0, , berdiri, bersedekap, menggaruk_dengan_tangan_lain, 
251508, 65, 4068, -1181, 75, 3088014d-5586-4eed-a7c4-d4272e876ab0, , berdiri, bersedekap, menggaruk_dengan_tangan_lain, 
251545, 95, 4081, -1155, 75, 3088014d-5586-4eed-a7c4-d4272e876ab0, , berdiri, bersedekap, menggaruk_dengan_tangan_lain, 
251581, 211, 4018, -1141, 75, 3088014d-5586-4eed-a7c4-d4272e876ab0, , berdiri, bersedekap, menggaruk_dengan_tangan_lain, 
251618, 306, 3923, -1066, 75, 3088014d-5586-4eed-a7c4-d4272e876ab0, , berdiri, bersedekap, menggaruk_dengan_tangan_lain, 
251655, 302, 3905, -1044, 75, 3088014d-5586-4eed-a7c4-d4272e876ab0, , berdiri, bersedekap, menggaruk_dengan_tangan_lain, 
251692, 260, 3962, -1109, 75, 3088014d-5586-4eed-a7c4-d4272e876ab0, , berdiri, bersedekap, menggaruk_dengan_tangan_lain, 
251731, 168, 4021, -1144, 75, 3088014d-5586-4eed-a7c4-d4272e876ab0, , berdiri, bersedekap, menggaruk_dengan_tangan_lain, 
251771, 169, 3948, -1124, 75, 3088014d-5586-4eed-a7c4-d4272e876ab0, , berdiri, bersedekap, , 
251810, 170, 3935, -1171, 75, 3088014d-5586-4eed-a7c4-d4272e876ab0, , berdiri, bersedekap, , 
251850, 237, 3931, -1114, 75, 3088014d-5586-4eed-a7c4-d4272e876ab0, , berdiri, bersedekap, , 
251890, 207, 3948, -1143, 75, 3088014d-5586-4eed-a7c4-d4272e876ab0, , berdiri, bersedekap, , 
251929, 206, 4005, -1147, 75, 3088014d-5586-4eed-a7c4-d4272e876ab0, , berdiri, bersedekap, , 
251969, 195, 3944, -1138, 75, 3088014d-5586-4eed-a7c4-d4272e876ab0, , berdiri, bersedekap, , 
252008, 162, 3914, -1164, 75, 3088014d-5586-4eed-a7c4-d4272e876ab0, , berdiri, bersedekap, , 
252048, 206, 3968, -1121, 75, 3088014d-5586-4eed-a7c4-d4272e876ab0, , berdiri, bersedekap, , 
252088, 184, 3913, -1177, 75, 3088014d-5586-4eed-a7c4-d4272e876ab0, , berdiri, bersedekap, , 
252130, 203, 3928, -1143, 75, 3088014d-5586-4eed-a7c4-d4272e876ab0, , berdiri, bersedekap, , 
252172, 197, 3915, -1101, 75, 3088014d-5586-4eed-a7c4-d4272e876ab0, , berdiri, bersedekap, , 
252214, 227, 3950, -1131, 75, 3088014d-5586-4eed-a7c4-d4272e876ab0, , berdiri, bersedekap, , 
252257, 242, 3965, -1173, 75, 3088014d-5586-4eed-a7c4-d4272e876ab0, , berdiri, bersedekap, , 
252299, 223, 3921, -1171, 75, 3088014d-5586-4eed-a7c4-d4272e876ab0, , berdiri, bersedekap, , 
252341, 217, 3937, -1137, 75, 3088014d-5586-4eed-a7c4-d4272e876ab0, , berdiri, bersedekap, , 
252384, 223, 3909, -1124, 75, 3088014d-5586-4eed-a7c4-d4272e876ab0, , berdiri, bersedekap, , 
252426, 175, 3937, -1164, 75, 3088014d-5586-4eed-a7c4-d4272e876ab0, , berdiri, bersedekap, , 
252468, 171, 3957, -1110, 75, 3088014d-5586-4eed-a7c4-d4272e876ab0, , berdiri, bersedekap, , 
252511, 187, 3947, -1132, 75, 3088014d-5586-4eed-a7c4-d4272e876ab0, , berdiri, bersedekap, , 
252551, 192, 3921, -1159, 76, 3088014d-5586-4eed-a7c4-d4272e876ab0, , berdiri, bersedekap, , 
252592, 196, 3940, -1095, 76, 3088014d-5586-4eed-a7c4-d4272e876ab0, , berdiri, bersedekap, , 
252632, 217, 3967, -1158, 76, 3088014d-5586-4eed-a7c4-d4272e876ab0, , berdiri, bersedekap, , 
252673, 259, 3969, -1177, 76, 3088014d-5586-4eed-a7c4-d4272e876ab0, , berdiri, bersedekap, , 
252714, 232, 3910, -1122, 76, 3088014d-5586-4eed-a7c4-d4272e876ab0, , berdiri, bersedekap, , 
252754, 219, 3910, -1167, 76, 3088014d-5586-4eed-a7c4-d4272e876ab0, , berdiri, bersedekap, , 
252795, 214, 3953, -1165, 76, 3088014d-5586-4eed-a7c4-d4272e876ab0, , berdiri, bersedekap, , 
252836, 237, 3939, -1175, 76, 3088014d-5586-4eed-a7c4-d4272e876ab0, , berdiri, bersedekap, , 
252876, 218, 3911, -1194, 76, 3088014d-5586-4eed-a7c4-d4272e876ab0, , berdiri, bersedekap, , 
252917, 219, 3934, -1157, 76, 3088014d-5586-4eed-a7c4-d4272e876ab0, , berdiri, bersedekap, , 
252958, 213, 3932, -1142, 76, 3088014d-5586-4eed-a7c4-d4272e876ab0, , berdiri, bersedekap, , 
252991, 240, 3931, -1166, 76, 3088014d-5586-4eed-a7c4-d4272e876ab0, , berdiri, bersedekap, , 
253024, 236, 3907, -1204, 76, 3088014d-5586-4eed-a7c4-d4272e876ab0, , berdiri, bersedekap, , 
253057, 216, 3908, -1194, 76, 3088014d-5586-4eed-a7c4-d4272e876ab0, , berdiri, bersedekap, , 
253090, 210, 3939, -1180, 76, 3088014d-5586-4eed-a7c4-d4272e876ab0, , berdiri, bersedekap, , 
253123, 207, 3928, -1195, 76, 3088014d-5586-4eed-a7c4-d4272e876ab0, , berdiri, bersedekap, , 
253156, 233, 3902, -1178, 76, 3088014d-5586-4eed-a7c4-d4272e876ab0, , berdiri, bersedekap, , 
253189, 221, 3912, -1162, 76, 3088014d-5586-4eed-a7c4-d4272e876ab0, , berdiri, bersedekap, , 
253222, 236, 3932, -1184, 76, 3088014d-5586-4eed-a7c4-d4272e876ab0, , berdiri, bersedekap, , 
253255, 220, 3931, -1180, 76, 3088014d-5586-4eed-a7c4-d4272e876ab0, , berdiri, bersedekap, , 
253289, 221, 3886, -1228, 76, 3088014d-5586-4eed-a7c4-d4272e876ab0, , berdiri, bersedekap, , 
253325, 221, 3915, -1235, 76, 3088014d-5586-4eed-a7c4-d4272e876ab0, , berdiri, bersedekap, , 
253361, 183, 3913, -1214, 76, 3088014d-5586-4eed-a7c4-d4272e876ab0, , berdiri, bersedekap, , 
253397, 200, 3936, -1200, 76, 3088014d-5586-4eed-a7c4-d4272e876ab0, , berdiri, bersedekap, , 
253433, 206, 3915, -1230, 76, 3088014d-5586-4eed-a7c4-d4272e876ab0, , berdiri, bersedekap, , 
253469, 213, 3856, -1253, 76, 3088014d-5586-4eed-a7c4-d4272e876ab0, , berdiri, bersedekap, , 
253506, 266, 3918, -1176, 76, 3088014d-5586-4eed-a7c4-d4272e876ab0, , berdiri, bersedekap, , 
253542, 265, 3904, -1233, 76, 3088014d-5586-4eed-a7c4-d4272e876ab0, , berdiri, bersedekap, , 
253578, 265, 3887, -1245, 76, 3088014d-5586-4eed-a7c4-d4272e876ab0, , berdiri, bersedekap, , 
253614, 263, 3891, -1222, 76, 3088014d-5586-4eed-a7c4-d4272e876ab0, , berdiri, bersedekap, , 
253650, 249, 3908, -1218, 76, 3088014d-5586-4eed-a7c4-d4272e876ab0, , berdiri, bersedekap, , 
253687, 256, 3936, -1221, 76, 3088014d-5586-4eed-a7c4-d4272e876ab0, , berdiri, bersedekap, , 
253727, 246, 3932, -1199, 76, 3088014d-5586-4eed-a7c4-d4272e876ab0, , berdiri, bersedekap, , 
253767, 256, 3891, -1235, 76, 3088014d-5586-4eed-a7c4-d4272e876ab0, , berdiri, bersedekap, , 
253808, 239, 3886, -1230, 76, 3088014d-5586-4eed-a7c4-d4272e876ab0, , berdiri, bersedekap, , 
253848, 253, 3898, -1215, 76, 3088014d-5586-4eed-a7c4-d4272e876ab0, , berdiri, bersedekap, , 
253889, 254, 3911, -1223, 76, 3088014d-5586-4eed-a7c4-d4272e876ab0, , berdiri, bersedekap, , 
253929, 229, 3871, -1248, 76, 3088014d-5586-4eed-a7c4-d4272e876ab0, , berdiri, bersedekap, , 
253969, 243, 3894, -1259, 76, 3088014d-5586-4eed-a7c4-d4272e876ab0, , berdiri, bersedekap, , 
254010, 247, 3930, -1193, 76, 3088014d-5586-4eed-a7c4-d4272e876ab0, , berdiri, bersedekap, , 
254050, 253, 3902, -1255, 76, 3088014d-5586-4eed-a7c4-d4272e876ab0, , berdiri, bersedekap, , 
254091, 275, 3888, -1265, 76, 3088014d-5586-4eed-a7c4-d4272e876ab0, , berdiri, bersedekap, , 
254132, 239, 3888, -1226, 76, 3088014d-5586-4eed-a7c4-d4272e876ab0, , berdiri, bersedekap, , 
254173, 249, 3927, -1256, 76, 3088014d-5586-4eed-a7c4-d4272e876ab0, , berdiri, bersedekap, , 
254214, 283, 3911, -1241, 76, 3088014d-5586-4eed-a7c4-d4272e876ab0, , berdiri, bersedekap, , 
254255, 250, 3877, -1247, 76, 3088014d-5586-4eed-a7c4-d4272e876ab0, , berdiri, bersedekap, , 
254296, 247, 3881, -1248, 76, 3088014d-5586-4eed-a7c4-d4272e876ab0, , berdiri, bersedekap, , 
254337, 266, 3880, -1260, 76, 3088014d-5586-4eed-a7c4-d4272e876ab0, , berdiri, bersedekap, , 
254378, 278, 3902, -1252, 76, 3088014d-5586-4eed-a7c4-d4272e876ab0, , berdiri, bersedekap, , 
254419, 282, 3921, -1251, 76, 3088014d-5586-4eed-a7c4-d4272e876ab0, , berdiri, bersedekap, , 
254460, 261, 3870, -1263, 76, 3088014d-5586-4eed-a7c4-d4272e876ab0, , berdiri, bersedekap, , 
254502, 252, 3881, -1275, 76, 3088014d-5586-4eed-a7c4-d4272e876ab0, , berdiri, bersedekap, , 
254537, 252, 3923, -1214, 76, 3088014d-5586-4eed-a7c4-d4272e876ab0, , berdiri, bersedekap, , 
254572, 258, 3898, -1271, 76, 3088014d-5586-4eed-a7c4-d4272e876ab0, , berdiri, bersedekap, , 
254607, 286, 3879, -1261, 76, 3088014d-5586-4eed-a7c4-d4272e876ab0, , berdiri, bersedekap, , 
254643, 273, 3877, -1251, 76, 3088014d-5586-4eed-a7c4-d4272e876ab0, , berdiri, bersedekap, , 
254678, 268, 3926, -1240, 76, 3088014d-5586-4eed-a7c4-d4272e876ab0, , berdiri, bersedekap, , 
254713, 289, 3895, -1252, 76, 3088014d-5586-4eed-a7c4-d4272e876ab0, , berdiri, bersedekap, , 
254748, 280, 3893, -1246, 76, 3088014d-5586-4eed-a7c4-d4272e876ab0, , berdiri, bersedekap, , 
254784, 271, 3865, -1247, 76, 3088014d-5586-4eed-a7c4-d4272e876ab0, , berdiri, bersedekap, , 
254819, 267, 3893, -1246, 76, 3088014d-5586-4eed-a7c4-d4272e876ab0, , berdiri, bersedekap, , 
254854, 275, 3914, -1240, 76, 3088014d-5586-4eed-a7c4-d4272e876ab0, , berdiri, bersedekap, , 
254890, 291, 3889, -1237, 76, 3088014d-5586-4eed-a7c4-d4272e876ab0, , berdiri, bersedekap, , 
254928, 269, 3901, -1247, 76, 3088014d-5586-4eed-a7c4-d4272e876ab0, , berdiri, bersedekap, , 
254967, 288, 3881, -1268, 76, 3088014d-5586-4eed-a7c4-d4272e876ab0, , berdiri, bersedekap, , 
255006, 292, 3894, -1231, 76, 3088014d-5586-4eed-a7c4-d4272e876ab0, , berdiri, bersedekap, , 
255044, 285, 3889, -1262, 76, 3088014d-5586-4eed-a7c4-d4272e876ab0, , berdiri, bersedekap, , 
255083, 274, 3905, -1253, 76, 3088014d-5586-4eed-a7c4-d4272e876ab0, , berdiri, bersedekap, , 
255122, 280, 3902, -1242, 76, 3088014d-5586-4eed-a7c4-d4272e876ab0, , berdiri, bersedekap, , 
255160, 300, 3891, -1279, 76, 3088014d-5586-4eed-a7c4-d4272e876ab0, , berdiri, bersedekap, , 
255199, 281, 3892, -1286, 76, 3088014d-5586-4eed-a7c4-d4272e876ab0, , berdiri, bersedekap, , 
255238, 290, 3884, -1271, 76, 3088014d-5586-4eed-a7c4-d4272e876ab0, , berdiri, bersedekap, , 
255277, 297, 3919, -1268, 76, 3088014d-5586-4eed-a7c4-d4272e876ab0, , berdiri, bersedekap, , 
255314, 285, 3917, -1279, 76, 3088014d-5586-4eed-a7c4-d4272e876ab0, , berdiri, bersedekap, , 
255352, 279, 3894, -1281, 76, 3088014d-5586-4eed-a7c4-d4272e876ab0, , berdiri, bersedekap, , 
255389, 291, 3872, -1238, 76, 3088014d-5586-4eed-a7c4-d4272e876ab0, , berdiri, bersedekap, , 
255427, 262, 3906, -1264, 76, 3088014d-5586-4eed-a7c4-d4272e876ab0, , berdiri, bersedekap, , 
255465, 239, 3907, -1282, 76, 3088014d-5586-4eed-a7c4-d4272e876ab0, , berdiri, bersedekap, , 
255502, 275, 3894, -1281, 76, 3088014d-5586-4eed-a7c4-d4272e876ab0, , berdiri, bersedekap, , 
255540, 251, 3919, -1233, 76, 3088014d-5586-4eed-a7c4-d4272e876ab0, , berdiri, bersedekap, , 
255578, 238, 3896, -1283, 76, 3088014d-5586-4eed-a7c4-d4272e876ab0, , berdiri, bersedekap, , 
255615, 256, 3898, -1228, 76, 3088014d-5586-4eed-a7c4-d4272e876ab0, , berdiri, bersedekap, , 
255653, 275, 3892, -1238, 76, 3088014d-5586-4eed-a7c4-d4272e876ab0, , berdiri, bersedekap, , 
255691, 257, 3916, -1260, 76, 3088014d-5586-4eed-a7c4-d4272e876ab0, , berdiri, bersedekap, , 
255730, 263, 3898, -1254, 76, 3088014d-5586-4eed-a7c4-d4272e876ab0, , berdiri, bersedekap, , 
255770, 267, 3896, -1253, 76, 3088014d-5586-4eed-a7c4-d4272e876ab0, , berdiri, bersedekap, , 
255810, 276, 3900, -1243, 76, 3088014d-5586-4eed-a7c4-d4272e876ab0, , berdiri, bersedekap, , 
255849, 263, 3890, -1245, 76, 3088014d-5586-4eed-a7c4-d4272e876ab0, , berdiri, bersedekap, , 
255889, 280, 3894, -1272, 76, 3088014d-5586-4eed-a7c4-d4272e876ab0, , berdiri, bersedekap, , 
255929, 274, 3898, -1229, 76, 3088014d-5586-4eed-a7c4-d4272e876ab0, , berdiri, bersedekap, , 
255968, 276, 3884, -1233, 76, 3088014d-5586-4eed-a7c4-d4272e876ab0, , berdiri, bersedekap, , 
256008, 256, 3873, -1245, 76, 3088014d-5586-4eed-a7c4-d4272e876ab0, , berdiri, bersedekap, , 
256048, 267, 3885, -1259, 76, 3088014d-5586-4eed-a7c4-d4272e876ab0, , berdiri, bersedekap, , 
256088, 264, 3923, -1212, 76, 3088014d-5586-4eed-a7c4-d4272e876ab0, , berdiri, bersedekap, , 
256129, 263, 3888, -1252, 76, 3088014d-5586-4eed-a7c4-d4272e876ab0, , berdiri, bersedekap, , 
256171, 276, 3878, -1237, 76, 3088014d-5586-4eed-a7c4-d4272e876ab0, , berdiri, bersedekap, , 
256213, 275, 3876, -1252, 76, 3088014d-5586-4eed-a7c4-d4272e876ab0, , berdiri, bersedekap, , 
256255, 269, 3896, -1249, 76, 3088014d-5586-4eed-a7c4-d4272e876ab0, , berdiri, bersedekap, , 
256297, 286, 3882, -1253, 76, 3088014d-5586-4eed-a7c4-d4272e876ab0, , berdiri, bersedekap, , 
256339, 272, 3882, -1236, 76, 3088014d-5586-4eed-a7c4-d4272e876ab0, , berdiri, bersedekap, , 
256381, 252, 3872, -1268, 76, 3088014d-5586-4eed-a7c4-d4272e876ab0, , berdiri, bersedekap, , 
256423, 265, 3877, -1249, 76, 3088014d-5586-4eed-a7c4-d4272e876ab0, , berdiri, bersedekap, , 
256465, 257, 3889, -1249, 76, 3088014d-5586-4eed-a7c4-d4272e876ab0, , berdiri, bersedekap, , 
256507, 248, 3912, -1247, 76, 3088014d-5586-4eed-a7c4-d4272e876ab0, , berdiri, bersedekap, , 
256541, 240, 3908, -1249, 76, 3088014d-5586-4eed-a7c4-d4272e876ab0, , berdiri, bersedekap, , 
256575, 270, 3858, -1250, 76, 3088014d-5586-4eed-a7c4-d4272e876ab0, , berdiri, bersedekap, , 
256610, 277, 3900, -1213, 76, 3088014d-5586-4eed-a7c4-d4272e876ab0, , berdiri, bersedekap, , 
256644, 266, 3907, -1254, 76, 3088014d-5586-4eed-a7c4-d4272e876ab0, , berdiri, bersedekap, , 
256679, 276, 3882, -1259, 76, 3088014d-5586-4eed-a7c4-d4272e876ab0, , berdiri, bersedekap, , 
256713, 277, 3893, -1228, 76, 3088014d-5586-4eed-a7c4-d4272e876ab0, , berdiri, bersedekap, , 
256748, 261, 3894, -1237, 76, 3088014d-5586-4eed-a7c4-d4272e876ab0, , berdiri, bersedekap, , 
256782, 282, 3920, -1255, 76, 3088014d-5586-4eed-a7c4-d4272e876ab0, , berdiri, bersedekap, , 
256817, 271, 3898, -1222, 76, 3088014d-5586-4eed-a7c4-d4272e876ab0, , berdiri, bersedekap, , 
256851, 254, 3910, -1254, 76, 3088014d-5586-4eed-a7c4-d4272e876ab0, , berdiri, bersedekap, , 
256886, 255, 3897, -1232, 76, 3088014d-5586-4eed-a7c4-d4272e876ab0, , berdiri, bersedekap, , 
256926, 246, 3903, -1243, 76, 3088014d-5586-4eed-a7c4-d4272e876ab0, , berdiri, bersedekap, , 
256966, 261, 3897, -1250, 76, 3088014d-5586-4eed-a7c4-d4272e876ab0, , berdiri, bersedekap, , 
257006, 259, 3891, -1223, 76, 3088014d-5586-4eed-a7c4-d4272e876ab0, , berdiri, bersedekap, , 
257047, 243, 3889, -1245, 76, 3088014d-5586-4eed-a7c4-d4272e876ab0, , berdiri, bersedekap, , 
257087, 267, 3880, -1268, 76, 3088014d-5586-4eed-a7c4-d4272e876ab0, , berdiri, bersedekap, , 
257127, 239, 3914, -1216, 76, 3088014d-5586-4eed-a7c4-d4272e876ab0, , berdiri, bersedekap, , 
257168, 266, 3914, -1257, 76, 3088014d-5586-4eed-a7c4-d4272e876ab0, , berdiri, bersedekap, , 
257208, 250, 3882, -1230, 76, 3088014d-5586-4eed-a7c4-d4272e876ab0, , berdiri, bersedekap, , 
257248, 266, 3894, -1241, 76, 3088014d-5586-4eed-a7c4-d4272e876ab0, , berdiri, bersedekap, , 
257289, 262, 3912, -1250, 76, 3088014d-5586-4eed-a7c4-d4272e876ab0, , berdiri, bersedekap, , 
257330, 266, 3943, -1240, 76, 3088014d-5586-4eed-a7c4-d4272e876ab0, , berdiri, bersedekap, , 
257371, 275, 3891, -1226, 76, 3088014d-5586-4eed-a7c4-d4272e876ab0, , berdiri, bersedekap, , 
257413, 279, 3902, -1243, 76, 3088014d-5586-4eed-a7c4-d4272e876ab0, , berdiri, bersedekap, , 
257454, 268, 3870, -1230, 76, 3088014d-5586-4eed-a7c4-d4272e876ab0, , berdiri, bersedekap, , 
257496, 257, 3874, -1235, 76, 3088014d-5586-4eed-a7c4-d4272e876ab0, , berdiri, bersedekap, , 
257537, 255, 3888, -1254, 76, 3088014d-5586-4eed-a7c4-d4272e876ab0, , berdiri, bersedekap, , 
257578, 266, 3906, -1230, 76, 3088014d-5586-4eed-a7c4-d4272e876ab0, , berdiri, bersedekap, , 
257620, 231, 3909, -1227, 76, 3088014d-5586-4eed-a7c4-d4272e876ab0, , berdiri, bersedekap, , 
257661, 243, 3903, -1238, 76, 3088014d-5586-4eed-a7c4-d4272e876ab0, , berdiri, bersedekap, , 
257703, 238, 3920, -1218, 76, 3088014d-5586-4eed-a7c4-d4272e876ab0, , berdiri, bersedekap, , 
257737, 237, 3903, -1259, 76, 3088014d-5586-4eed-a7c4-d4272e876ab0, , berdiri, bersedekap, , 
257772, 265, 3911, -1224, 76, 3088014d-5586-4eed-a7c4-d4272e876ab0, , berdiri, bersedekap, , 
257807, 256, 3885, -1221, 76, 3088014d-5586-4eed-a7c4-d4272e876ab0, , berdiri, bersedekap, , 
257842, 266, 3916, -1225, 76, 3088014d-5586-4eed-a7c4-d4272e876ab0, , berdiri, bersedekap, , 
257877, 282, 3912, -1248, 76, 3088014d-5586-4eed-a7c4-d4272e876ab0, , berdiri, bersedekap, , 
257912, 279, 3896, -1219, 76, 3088014d-5586-4eed-a7c4-d4272e876ab0, , berdiri, bersedekap, , 
257947, 275, 3904, -1235, 76, 3088014d-5586-4eed-a7c4-d4272e876ab0, , berdiri, bersedekap, , 
257982, 254, 3901, -1235, 76, 3088014d-5586-4eed-a7c4-d4272e876ab0, , berdiri, bersedekap, , 
258017, 255, 3899, -1229, 76, 3088014d-5586-4eed-a7c4-d4272e876ab0, , berdiri, bersedekap, , 
258052, 277, 3900, -1236, 76, 3088014d-5586-4eed-a7c4-d4272e876ab0, , berdiri, bersedekap, , 
258087, 269, 3902, -1240, 76, 3088014d-5586-4eed-a7c4-d4272e876ab0, , berdiri, bersedekap, , 
258133, 265, 3921, -1233, 76, 3088014d-5586-4eed-a7c4-d4272e876ab0, , berdiri, bersedekap, , 
258180, 222, 3874, -1238, 76, 3088014d-5586-4eed-a7c4-d4272e876ab0, , berdiri, bersedekap, , 
258226, 266, 3906, -1225, 76, 3088014d-5586-4eed-a7c4-d4272e876ab0, , berdiri, bersedekap, , 
258273, 251, 3907, -1225, 76, 3088014d-5586-4eed-a7c4-d4272e876ab0, , berdiri, bersedekap, , 
258320, 235, 3919, -1232, 76, 3088014d-5586-4eed-a7c4-d4272e876ab0, , berdiri, bersedekap, , 
258366, 231, 3886, -1227, 76, 3088014d-5586-4eed-a7c4-d4272e876ab0, , berdiri, bersedekap, , 
258413, 252, 3915, -1226, 76, 3088014d-5586-4eed-a7c4-d4272e876ab0, , berdiri, bersedekap, , 
258459, 271, 3918, -1258, 76, 3088014d-5586-4eed-a7c4-d4272e876ab0, , berdiri, bersedekap, , 
258506, 246, 3867, -1248, 76, 3088014d-5586-4eed-a7c4-d4272e876ab0, , berdiri, bersedekap, , 
258553, 232, 3876, -1219, 76, 3088014d-5586-4eed-a7c4-d4272e876ab0, , berdiri, bersedekap, , 
258583, 241, 3909, -1235, 76, 3088014d-5586-4eed-a7c4-d4272e876ab0, , berdiri, bersedekap, , 
258614, 251, 3944, -1240, 76, 3088014d-5586-4eed-a7c4-d4272e876ab0, , berdiri, bersedekap, , 
258645, 252, 3909, -1263, 76, 3088014d-5586-4eed-a7c4-d4272e876ab0, , berdiri, bersedekap, , 
258676, 259, 3898, -1241, 76, 3088014d-5586-4eed-a7c4-d4272e876ab0, , berdiri, bersedekap, , 
258707, 235, 3886, -1230, 76, 3088014d-5586-4eed-a7c4-d4272e876ab0, , berdiri, bersedekap, , 
258737, 248, 3924, -1241, 76, 3088014d-5586-4eed-a7c4-d4272e876ab0, , berdiri, bersedekap, , 
258768, 246, 3924, -1247, 76, 3088014d-5586-4eed-a7c4-d4272e876ab0, , berdiri, bersedekap, , 
258799, 268, 3940, -1198, 76, 3088014d-5586-4eed-a7c4-d4272e876ab0, , berdiri, bersedekap, , 
258830, 257, 3914, -1236, 76, 3088014d-5586-4eed-a7c4-d4272e876ab0, , berdiri, bersedekap, , 
258861, 231, 3859, -1230, 76, 3088014d-5586-4eed-a7c4-d4272e876ab0, , berdiri, bersedekap, , 
258892, 221, 3887, -1237, 76, 3088014d-5586-4eed-a7c4-d4272e876ab0, , berdiri, bersedekap, , 
258931, 238, 3934, -1247, 76, 3088014d-5586-4eed-a7c4-d4272e876ab0, , berdiri, bersedekap, , 
258971, 259, 3917, -1234, 76, 3088014d-5586-4eed-a7c4-d4272e876ab0, , berdiri, bersedekap, , 
259010, 308, 3913, -1254, 76, 3088014d-5586-4eed-a7c4-d4272e876ab0, , berdiri, bersedekap, , 
259050, 275, 3896, -1242, 76, 3088014d-5586-4eed-a7c4-d4272e876ab0, , berdiri, bersedekap, , 
259089, 276, 3869, -1251, 76, 3088014d-5586-4eed-a7c4-d4272e876ab0, , berdiri, bersedekap, , 
259129, 231, 3895, -1251, 76, 3088014d-5586-4eed-a7c4-d4272e876ab0, , berdiri, bersedekap, , 
259168, 227, 3878, -1283, 76, 3088014d-5586-4eed-a7c4-d4272e876ab0, , berdiri, bersedekap, , 
259208, 219, 3853, -1249, 76, 3088014d-5586-4eed-a7c4-d4272e876ab0, , berdiri, bersedekap, , 
259247, 212, 3880, -1262, 76, 3088014d-5586-4eed-a7c4-d4272e876ab0, , berdiri, bersedekap, , 
259287, 235, 3899, -1278, 76, 3088014d-5586-4eed-a7c4-d4272e876ab0, , berdiri, bersedekap, , 
259327, 279, 3882, -1292, 76, 3088014d-5586-4eed-a7c4-d4272e876ab0, , berdiri, bersedekap, , 
259367, 259, 3917, -1283, 76, 3088014d-5586-4eed-a7c4-d4272e876ab0, , berdiri, bersedekap, , 
259407, 253, 3878, -1291, 76, 3088014d-5586-4eed-a7c4-d4272e876ab0, , berdiri, bersedekap, , 
259447, 232, 3873, -1259, 76, 3088014d-5586-4eed-a7c4-d4272e876ab0, , berdiri, bersedekap, , 
259487, 251, 3872, -1290, 76, 3088014d-5586-4eed-a7c4-d4272e876ab0, , berdiri, bersedekap, , 
259527, 253, 3894, -1311, 76, 3088014d-5586-4eed-a7c4-d4272e876ab0, , berdiri, bersedekap, , 
259567, 238, 3888, -1276, 76, 3088014d-5586-4eed-a7c4-d4272e876ab0, , berdiri, bersedekap, , 
259607, 239, 3867, -1289, 76, 3088014d-5586-4eed-a7c4-d4272e876ab0, , berdiri, bersedekap, , 
259647, 252, 3915, -1288, 76, 3088014d-5586-4eed-a7c4-d4272e876ab0, , berdiri, bersedekap, , 
259688, 248, 3856, -1270, 76, 3088014d-5586-4eed-a7c4-d4272e876ab0, , berdiri, bersedekap, , 
259724, 240, 3892, -1281, 76, 3088014d-5586-4eed-a7c4-d4272e876ab0, , berdiri, bersedekap, , 
259761, 250, 3873, -1280, 76, 3088014d-5586-4eed-a7c4-d4272e876ab0, , berdiri, bersedekap, , 
259798, 268, 3889, -1283, 76, 3088014d-5586-4eed-a7c4-d4272e876ab0, , berdiri, bersedekap, , 
259834, 252, 3895, -1278, 76, 3088014d-5586-4eed-a7c4-d4272e876ab0, , berdiri, bersedekap, , 
259871, 258, 3872, -1289, 76, 3088014d-5586-4eed-a7c4-d4272e876ab0, , berdiri, bersedekap, , 
259908, 265, 3904, -1259, 76, 3088014d-5586-4eed-a7c4-d4272e876ab0, , berdiri, bersedekap, , 
259945, 219, 3890, -1308, 76, 3088014d-5586-4eed-a7c4-d4272e876ab0, , berdiri, bersedekap, , 
259981, 239, 3852, -1284, 76, 3088014d-5586-4eed-a7c4-d4272e876ab0, , berdiri, bersedekap, , 
260018, 261, 3856, -1286, 76, 3088014d-5586-4eed-a7c4-d4272e876ab0, , berdiri, bersedekap, , 
260055, 267, 3880, -1306, 76, 3088014d-5586-4eed-a7c4-d4272e876ab0, , berdiri, bersedekap, , 
260092, 276, 3906, -1311, 76, 3088014d-5586-4eed-a7c4-d4272e876ab0, , berdiri, bersedekap, , 
260132, 259, 3855, -1313, 76, 3088014d-5586-4eed-a7c4-d4272e876ab0, , berdiri, bersedekap, , 
260173, 279, 3872, -1305, 76, 3088014d-5586-4eed-a7c4-d4272e876ab0, , berdiri, bersedekap, , 
260214, 252, 3889, -1311, 76, 3088014d-5586-4eed-a7c4-d4272e876ab0, , berdiri, bersedekap, , 
260254, 280, 3904, -1331, 76, 3088014d-5586-4eed-a7c4-d4272e876ab0, , berdiri, bersedekap, , 
260295, 244, 3886, -1327, 76, 3088014d-5586-4eed-a7c4-d4272e876ab0, , berdiri, bersedekap, , 
260336, 260, 3892, -1341, 76, 3088014d-5586-4eed-a7c4-d4272e876ab0, , berdiri, bersedekap, , 
260376, 251, 3865, -1343, 76, 3088014d-5586-4eed-a7c4-d4272e876ab0, , berdiri, bersedekap, , 
260417, 247, 3862, -1368, 76, 3088014d-5586-4eed-a7c4-d4272e876ab0, , berdiri, bersedekap, , 
260458, 248, 3866, -1343, 76, 3088014d-5586-4eed-a7c4-d4272e876ab0, , berdiri, bersedekap, , 
260499, 243, 3852, -1319, 76, 3088014d-5586-4eed-a7c4-d4272e876ab0, , berdiri, bersedekap, , 
260536, 267, 3861, -1376, 76, 3088014d-5586-4eed-a7c4-d4272e876ab0, , berdiri, bersedekap, , 
260573, 248, 3861, -1315, 76, 3088014d-5586-4eed-a7c4-d4272e876ab0, , berdiri, bersedekap, , 
260610, 263, 3875, -1315, 76, 3088014d-5586-4eed-a7c4-d4272e876ab0, , berdiri, bersedekap, , 
260647, 236, 3891, -1358, 76, 3088014d-5586-4eed-a7c4-d4272e876ab0, , berdiri, bersedekap, , 
260684, 230, 3872, -1336, 76, 3088014d-5586-4eed-a7c4-d4272e876ab0, , berdiri, bersedekap, , 
260722, 222, 3816, -1329, 76, 3088014d-5586-4eed-a7c4-d4272e876ab0, , berdiri, bersedekap, , 
260759, 215, 3860, -1337, 76, 3088014d-5586-4eed-a7c4-d4272e876ab0, , berdiri, bersedekap, , 
260796, 229, 3871, -1339, 76, 3088014d-5586-4eed-a7c4-d4272e876ab0, , berdiri, bersedekap, , 
260833, 198, 3875, -1332, 76, 3088014d-5586-4eed-a7c4-d4272e876ab0, , berdiri, bersedekap, , 
260870, 235, 3874, -1323, 76, 3088014d-5586-4eed-a7c4-d4272e876ab0, , berdiri, bersedekap, , 
260908, 241, 3854, -1328, 76, 3088014d-5586-4eed-a7c4-d4272e876ab0, , berdiri, bersedekap, , 
260949, 239, 3871, -1325, 76, 3088014d-5586-4eed-a7c4-d4272e876ab0, , berdiri, bersedekap, , 
260990, 266, 3879, -1349, 76, 3088014d-5586-4eed-a7c4-d4272e876ab0, , berdiri, bersedekap, , 
261031, 267, 3897, -1277, 76, 3088014d-5586-4eed-a7c4-d4272e876ab0, , berdiri, bersedekap, , 
261072, 262, 3890, -1343, 76, 3088014d-5586-4eed-a7c4-d4272e876ab0, , berdiri, bersedekap, , 
261113, 261, 3845, -1329, 76, 3088014d-5586-4eed-a7c4-d4272e876ab0, , berdiri, bersedekap, , 
261154, 258, 3863, -1319, 76, 3088014d-5586-4eed-a7c4-d4272e876ab0, , berdiri, bersedekap, , 
261195, 249, 3888, -1344, 76, 3088014d-5586-4eed-a7c4-d4272e876ab0, , berdiri, bersedekap, , 
261236, 263, 3860, -1334, 76, 3088014d-5586-4eed-a7c4-d4272e876ab0, , berdiri, bersedekap, , 
261277, 233, 3853, -1329, 76, 3088014d-5586-4eed-a7c4-d4272e876ab0, , berdiri, bersedekap, , 
261318, 265, 3876, -1317, 76, 3088014d-5586-4eed-a7c4-d4272e876ab0, , berdiri, bersedekap, , 
261354, 248, 3864, -1331, 76, 3088014d-5586-4eed-a7c4-d4272e876ab0, , berdiri, bersedekap, , 
261391, 221, 3881, -1341, 76, 3088014d-5586-4eed-a7c4-d4272e876ab0, , berdiri, bersedekap, , 
261428, 213, 3858, -1347, 76, 3088014d-5586-4eed-a7c4-d4272e876ab0, , berdiri, bersedekap, , 
261465, 224, 3869, -1346, 76, 3088014d-5586-4eed-a7c4-d4272e876ab0, , berdiri, bersedekap, , 
261502, 225, 3879, -1327, 76, 3088014d-5586-4eed-a7c4-d4272e876ab0, , berdiri, bersedekap, , 
261539, 229, 3879, -1338, 76, 3088014d-5586-4eed-a7c4-d4272e876ab0, , berdiri, bersedekap, , 
261576, 262, 3867, -1335, 76, 3088014d-5586-4eed-a7c4-d4272e876ab0, , berdiri, bersedekap, , 
261613, 238, 3895, -1327, 76, 3088014d-5586-4eed-a7c4-d4272e876ab0, , berdiri, bersedekap, , 
261650, 235, 3853, -1349, 76, 3088014d-5586-4eed-a7c4-d4272e876ab0, , berdiri, bersedekap, , 
261687, 247, 3846, -1303, 76, 3088014d-5586-4eed-a7c4-d4272e876ab0, , berdiri, bersedekap, , 
261723, 251, 3861, -1338, 76, 3088014d-5586-4eed-a7c4-d4272e876ab0, , berdiri, bersedekap, , 
261759, 271, 3897, -1345, 76, 3088014d-5586-4eed-a7c4-d4272e876ab0, , berdiri, bersedekap, , 
261796, 291, 3852, -1360, 76, 3088014d-5586-4eed-a7c4-d4272e876ab0, , berdiri, bersedekap, , 
261832, 291, 3836, -1331, 76, 3088014d-5586-4eed-a7c4-d4272e876ab0, , berdiri, bersedekap, , 
261868, 275, 3880, -1342, 76, 3088014d-5586-4eed-a7c4-d4272e876ab0, , berdiri, bersedekap, , 
261905, 273, 3864, -1358, 76, 3088014d-5586-4eed-a7c4-d4272e876ab0, , berdiri, bersedekap, , 
261941, 263, 3863, -1359, 76, 3088014d-5586-4eed-a7c4-d4272e876ab0, , berdiri, bersedekap, , 
261977, 270, 3851, -1343, 76, 3088014d-5586-4eed-a7c4-d4272e876ab0, , berdiri, bersedekap, , 
262014, 255, 3860, -1358, 76, 3088014d-5586-4eed-a7c4-d4272e876ab0, , berdiri, bersedekap, , 
262050, 246, 3891, -1358, 76, 3088014d-5586-4eed-a7c4-d4272e876ab0, , berdiri, bersedekap, , 
262087, 247, 3844, -1386, 76, 3088014d-5586-4eed-a7c4-d4272e876ab0, , berdiri, bersedekap, , 
262133, 283, 3885, -1309, 75, 3088014d-5586-4eed-a7c4-d4272e876ab0, , berdiri, bersedekap, , 
262180, 258, 3872, -1364, 75, 3088014d-5586-4eed-a7c4-d4272e876ab0, , berdiri, bersedekap, , 
262226, 277, 3866, -1346, 75, 3088014d-5586-4eed-a7c4-d4272e876ab0, , berdiri, bersedekap, , 
262273, 267, 3836, -1347, 75, 3088014d-5586-4eed-a7c4-d4272e876ab0, , berdiri, bersedekap, , 
262320, 276, 3898, -1406, 75, 3088014d-5586-4eed-a7c4-d4272e876ab0, , berdiri, bersedekap, , 
262366, 300, 3832, -1365, 75, 3088014d-5586-4eed-a7c4-d4272e876ab0, , berdiri, bersedekap, , 
262413, 291, 3850, -1337, 75, 3088014d-5586-4eed-a7c4-d4272e876ab0, , berdiri, bersedekap, , 
262459, 289, 3829, -1358, 75, 3088014d-5586-4eed-a7c4-d4272e876ab0, , berdiri, bersedekap, , 
262506, 303, 3835, -1343, 75, 3088014d-5586-4eed-a7c4-d4272e876ab0, , berdiri, bersedekap, , 
262553, 308, 3863, -1349, 75, 3088014d-5586-4eed-a7c4-d4272e876ab0, , berdiri, bersedekap, , 
262585, 310, 3862, -1324, 75, 3088014d-5586-4eed-a7c4-d4272e876ab0, , berdiri, bersedekap, , 
262617, 290, 3880, -1348, 75, 3088014d-5586-4eed-a7c4-d4272e876ab0, , berdiri, bersedekap, , 
262649, 271, 3848, -1341, 75, 3088014d-5586-4eed-a7c4-d4272e876ab0, , berdiri, bersedekap, , 
262681, 272, 3809, -1350, 75, 3088014d-5586-4eed-a7c4-d4272e876ab0, , berdiri, bersedekap, , 
262713, 304, 3824, -1323, 75, 3088014d-5586-4eed-a7c4-d4272e876ab0, , berdiri, bersedekap, , 
