158664, -2394, 2499, -2334, 113, f9dd303c-eeec-4609-9084-a2c15d04af3c, , qunut, qunut, , 
158699, -2355, 2463, -2266, 113, f9dd303c-eeec-4609-9084-a2c15d04af3c, , qunut, qunut, , 
158734, -2350, 2498, -2253, 113, f9dd303c-eeec-4609-9084-a2c15d04af3c, , qunut, qunut, , 
158769, -2322, 2500, -2197, 113, f9dd303c-eeec-4609-9084-a2c15d04af3c, , qunut, qunut, , 
158814, -2330, 2446, -2222, 113, f9dd303c-eeec-4609-9084-a2c15d04af3c, , qunut, qunut, , 
158859, -2350, 2423, -2199, 113, f9dd303c-eeec-4609-9084-a2c15d04af3c, , qunut, qunut, , 
158904, -2339, 2405, -2218, 113, f9dd303c-eeec-4609-9084-a2c15d04af3c, , qunut, qunut, , 
158949, -2350, 2399, -2191, 113, f9dd303c-eeec-4609-9084-a2c15d04af3c, , qunut, qunut, , 
158994, -2361, 2447, -2247, 113, f9dd303c-eeec-4609-9084-a2c15d04af3c, , qunut, qunut, , 
159039, -2368, 2502, -2282, 113, f9dd303c-eeec-4609-9084-a2c15d04af3c, , qunut, qunut, , 
159084, -2354, 2497, -2248, 113, f9dd303c-eeec-4609-9084-a2c15d04af3c, , qunut, qunut, , 
159129, -2379, 2481, -2224, 113, f9dd303c-eeec-4609-9084-a2c15d04af3c, , qunut, qunut, , 
159174, -2364, 2452, -2205, 113, f9dd303c-eeec-4609-9084-a2c15d04af3c, , qunut, qunut, , 
159219, -2345, 2435, -2170, 113, f9dd303c-eeec-4609-9084-a2c15d04af3c, , qunut, qunut, , 
159251, -2324, 2391, -2174, 113, f9dd303c-eeec-4609-9084-a2c15d04af3c, , qunut, qunut, , 
159284, -2339, 2406, -2190, 113, f9dd303c-eeec-4609-9084-a2c15d04af3c, , qunut, qunut, , 
159317, -2330, 2487, -2307, 113, f9dd303c-eeec-4609-9084-a2c15d04af3c, , qunut, qunut, , 
159350, -2350, 2506, -2356, 113, f9dd303c-eeec-4609-9084-a2c15d04af3c, , qunut, qunut, , 
159383, -2339, 2471, -2348, 113, f9dd303c-eeec-4609-9084-a2c15d04af3c, , qunut, qunut, , 
159416, -2325, 2527, -2276, 113, f9dd303c-eeec-4609-9084-a2c15d04af3c, , qunut, qunut, , 
159449, -2337, 2480, -2260, 113, f9dd303c-eeec-4609-9084-a2c15d04af3c, , qunut, qunut, , 
159482, -2310, 2474, -2260, 113, f9dd303c-eeec-4609-9084-a2c15d04af3c, , qunut, qunut, , 
159515, -2308, 2489, -2289, 113, f9dd303c-eeec-4609-9084-a2c15d04af3c, , qunut, qunut, , 
159548, -2298, 2479, -2286, 113, f9dd303c-eeec-4609-9084-a2c15d04af3c, , qunut, qunut, , 
159581, -2301, 2501, -2299, 113, f9dd303c-eeec-4609-9084-a2c15d04af3c, , qunut, qunut, , 
159622, -2304, 2481, -2300, 113, f9dd303c-eeec-4609-9084-a2c15d04af3c, , qunut, qunut, , 
159663, -2287, 2446, -2268, 113, f9dd303c-eeec-4609-9084-a2c15d04af3c, , qunut, qunut, , 
159705, -2310, 2453, -2281, 113, f9dd303c-eeec-4609-9084-a2c15d04af3c, , qunut, qunut, , 
159746, -2310, 2486, -2288, 113, f9dd303c-eeec-4609-9084-a2c15d04af3c, , qunut, qunut, , 
159788, -2303, 2426, -2318, 113, f9dd303c-eeec-4609-9084-a2c15d04af3c, , qunut, qunut, , 
159829, -2298, 2455, -2298, 113, f9dd303c-eeec-4609-9084-a2c15d04af3c, , qunut, qunut, , 
159870, -2288, 2454, -2304, 113, f9dd303c-eeec-4609-9084-a2c15d04af3c, , qunut, qunut, , 
159912, -2287, 2435, -2320, 113, f9dd303c-eeec-4609-9084-a2c15d04af3c, , qunut, qunut, , 
159953, -2308, 2468, -2325, 113, f9dd303c-eeec-4609-9084-a2c15d04af3c, , qunut, qunut, , 
159995, -2310, 2464, -2317, 113, f9dd303c-eeec-4609-9084-a2c15d04af3c, , qunut, qunut, , 
160034, -2281, 2455, -2327, 113, f9dd303c-eeec-4609-9084-a2c15d04af3c, , qunut, qunut, , 
160073, -2288, 2472, -2284, 113, f9dd303c-eeec-4609-9084-a2c15d04af3c, , qunut, qunut, , 
160112, -2300, 2469, -2319, 113, f9dd303c-eeec-4609-9084-a2c15d04af3c, , qunut, qunut, , 
160151, -2296, 2512, -2322, 113, f9dd303c-eeec-4609-9084-a2c15d04af3c, , qunut, qunut, , 
160190, -2261, 2459, -2294, 113, f9dd303c-eeec-4609-9084-a2c15d04af3c, , qunut, qunut, , 
160229, -2267, 2488, -2295, 113, f9dd303c-eeec-4609-9084-a2c15d04af3c, , qunut, qunut, , 
160268, -2277, 2469, -2316, 113, f9dd303c-eeec-4609-9084-a2c15d04af3c, , qunut, qunut, , 
160307, -2276, 2479, -2315, 113, f9dd303c-eeec-4609-9084-a2c15d04af3c, , qunut, qunut, , 
160346, -2276, 2479, -2330, 113, f9dd303c-eeec-4609-9084-a2c15d04af3c, , qunut, qunut, , 
160385, -2276, 2465, -2325, 113, f9dd303c-eeec-4609-9084-a2c15d04af3c, , qunut, qunut, , 
160425, -2289, 2486, -2328, 113, f9dd303c-eeec-4609-9084-a2c15d04af3c, , qunut, qunut, , 
160462, -2243, 2459, -2288, 113, f9dd303c-eeec-4609-9084-a2c15d04af3c, , qunut, qunut, , 
160499, -2305, 2478, -2345, 113, f9dd303c-eeec-4609-9084-a2c15d04af3c, , qunut, qunut, , 
160537, -2284, 2450, -2305, 113, f9dd303c-eeec-4609-9084-a2c15d04af3c, , qunut, qunut, , 
160574, -2247, 2464, -2302, 113, f9dd303c-eeec-4609-9084-a2c15d04af3c, , qunut, qunut, , 
160612, -2275, 2514, -2333, 113, f9dd303c-eeec-4609-9084-a2c15d04af3c, , qunut, qunut, , 
160649, -2266, 2469, -2296, 113, f9dd303c-eeec-4609-9084-a2c15d04af3c, , qunut, qunut, , 
160686, -2283, 2495, -2339, 113, f9dd303c-eeec-4609-9084-a2c15d04af3c, , qunut, qunut, , 
160724, -2261, 2506, -2314, 113, f9dd303c-eeec-4609-9084-a2c15d04af3c, , qunut, qunut, , 
160761, -2253, 2490, -2318, 113, f9dd303c-eeec-4609-9084-a2c15d04af3c, , qunut, qunut, , 
160799, -2272, 2486, -2305, 113, f9dd303c-eeec-4609-9084-a2c15d04af3c, , qunut, qunut, , 
160838, -2230, 2482, -2322, 113, f9dd303c-eeec-4609-9084-a2c15d04af3c, , qunut, qunut, , 
160878, -2260, 2491, -2357, 113, f9dd303c-eeec-4609-9084-a2c15d04af3c, , qunut, qunut, , 
160918, -2220, 2500, -2326, 113, f9dd303c-eeec-4609-9084-a2c15d04af3c, , qunut, qunut, , 
160957, -2242, 2510, -2310, 113, f9dd303c-eeec-4609-9084-a2c15d04af3c, , qunut, qunut, , 
160997, -2266, 2474, -2327, 113, f9dd303c-eeec-4609-9084-a2c15d04af3c, , qunut, qunut, , 
161037, -2262, 2497, -2337, 113, f9dd303c-eeec-4609-9084-a2c15d04af3c, , qunut, qunut, , 
161076, -2267, 2489, -2342, 113, f9dd303c-eeec-4609-9084-a2c15d04af3c, , qunut, qunut, , 
161116, -2253, 2450, -2320, 113, f9dd303c-eeec-4609-9084-a2c15d04af3c, , qunut, qunut, , 
161156, -2240, 2484, -2329, 113, f9dd303c-eeec-4609-9084-a2c15d04af3c, , qunut, qunut, , 
161196, -2257, 2492, -2332, 113, f9dd303c-eeec-4609-9084-a2c15d04af3c, , qunut, qunut, , 
161232, -2254, 2478, -2348, 113, f9dd303c-eeec-4609-9084-a2c15d04af3c, , qunut, qunut, , 
161268, -2248, 2500, -2346, 113, f9dd303c-eeec-4609-9084-a2c15d04af3c, , qunut, qunut, , 
161305, -2234, 2482, -2331, 113, f9dd303c-eeec-4609-9084-a2c15d04af3c, , qunut, qunut, , 
161341, -2250, 2469, -2346, 113, f9dd303c-eeec-4609-9084-a2c15d04af3c, , qunut, qunut, , 
161378, -2277, 2484, -2372, 113, f9dd303c-eeec-4609-9084-a2c15d04af3c, , qunut, qunut, , 
161414, -2245, 2504, -2378, 113, f9dd303c-eeec-4609-9084-a2c15d04af3c, , qunut, qunut, , 
161451, -2244, 2516, -2380, 113, f9dd303c-eeec-4609-9084-a2c15d04af3c, , qunut, qunut, , 
161487, -2222, 2487, -2314, 113, f9dd303c-eeec-4609-9084-a2c15d04af3c, , qunut, qunut, , 
161524, -2240, 2500, -2363, 113, f9dd303c-eeec-4609-9084-a2c15d04af3c, , qunut, qunut, , 
161560, -2221, 2457, -2335, 113, f9dd303c-eeec-4609-9084-a2c15d04af3c, , qunut, qunut, , 
161597, -2214, 2488, -2352, 113, f9dd303c-eeec-4609-9084-a2c15d04af3c, , qunut, qunut, , 
161641, -2218, 2467, -2367, 113, f9dd303c-eeec-4609-9084-a2c15d04af3c, , qunut, qunut, , 
161686, -2230, 2475, -2355, 113, f9dd303c-eeec-4609-9084-a2c15d04af3c, , qunut, qunut, , 
161731, -2228, 2459, -2324, 113, f9dd303c-eeec-4609-9084-a2c15d04af3c, , qunut, qunut, , 
161776, -2234, 2460, -2344, 113, f9dd303c-eeec-4609-9084-a2c15d04af3c, , qunut, qunut, , 
161821, -2263, 2473, -2377, 113, f9dd303c-eeec-4609-9084-a2c15d04af3c, , qunut, qunut, , 
161866, -2235, 2476, -2353, 113, f9dd303c-eeec-4609-9084-a2c15d04af3c, , qunut, qunut, , 
161911, -2261, 2477, -2347, 113, f9dd303c-eeec-4609-9084-a2c15d04af3c, , qunut, qunut, , 
161956, -2245, 2471, -2365, 113, f9dd303c-eeec-4609-9084-a2c15d04af3c, , qunut, qunut, , 
162001, -2249, 2504, -2351, 113, f9dd303c-eeec-4609-9084-a2c15d04af3c, , qunut, qunut, , 
162046, -2257, 2474, -2365, 113, f9dd303c-eeec-4609-9084-a2c15d04af3c, , qunut, qunut, , 
162078, -2242, 2506, -2346, 113, f9dd303c-eeec-4609-9084-a2c15d04af3c, , qunut, qunut, , 
162110, -2243, 2472, -2350, 113, f9dd303c-eeec-4609-9084-a2c15d04af3c, , qunut, qunut, , 
162142, -2248, 2473, -2361, 113, f9dd303c-eeec-4609-9084-a2c15d04af3c, , qunut, qunut, , 
162174, -2239, 2495, -2350, 113, f9dd303c-eeec-4609-9084-a2c15d04af3c, , qunut, qunut, , 
162206, -2249, 2477, -2363, 113, f9dd303c-eeec-4609-9084-a2c15d04af3c, , qunut, qunut, , 
162238, -2216, 2463, -2333, 113, f9dd303c-eeec-4609-9084-a2c15d04af3c, , qunut, qunut, , 
162270, -2208, 2463, -2332, 113, f9dd303c-eeec-4609-9084-a2c15d04af3c, , qunut, qunut, , 
162302, -2223, 2469, -2353, 113, f9dd303c-eeec-4609-9084-a2c15d04af3c, , qunut, qunut, , 
162334, -2231, 2488, -2376, 113, f9dd303c-eeec-4609-9084-a2c15d04af3c, , qunut, qunut, , 
162366, -2234, 2512, -2359, 113, f9dd303c-eeec-4609-9084-a2c15d04af3c, , qunut, qunut, , 
162398, -2250, 2480, -2355, 113, f9dd303c-eeec-4609-9084-a2c15d04af3c, , qunut, qunut, , 
162442, -2240, 2496, -2385, 113, f9dd303c-eeec-4609-9084-a2c15d04af3c, , qunut, qunut, , 
162486, -2218, 2485, -2386, 113, f9dd303c-eeec-4609-9084-a2c15d04af3c, , qunut, qunut, , 
162531, -2217, 2493, -2408, 113, f9dd303c-eeec-4609-9084-a2c15d04af3c, , qunut, qunut, , 
162575, -2196, 2461, -2362, 113, f9dd303c-eeec-4609-9084-a2c15d04af3c, , qunut, qunut, , 
162620, -2223, 2461, -2354, 113, f9dd303c-eeec-4609-9084-a2c15d04af3c, , qunut, qunut, , 
162664, -2222, 2446, -2338, 113, f9dd303c-eeec-4609-9084-a2c15d04af3c, , qunut, qunut, , 
162708, -2207, 2474, -2375, 113, f9dd303c-eeec-4609-9084-a2c15d04af3c, , qunut, qunut, , 
162753, -2211, 2475, -2380, 113, f9dd303c-eeec-4609-9084-a2c15d04af3c, , qunut, qunut, , 
162797, -2220, 2476, -2381, 113, f9dd303c-eeec-4609-9084-a2c15d04af3c, , qunut, qunut, , 
162842, -2231, 2476, -2359, 113, f9dd303c-eeec-4609-9084-a2c15d04af3c, , qunut, qunut, , 
162877, -2217, 2457, -2356, 113, f9dd303c-eeec-4609-9084-a2c15d04af3c, , qunut, qunut, , 
162913, -2209, 2479, -2390, 113, f9dd303c-eeec-4609-9084-a2c15d04af3c, , qunut, qunut, , 
162949, -2220, 2453, -2383, 113, f9dd303c-eeec-4609-9084-a2c15d04af3c, , qunut, qunut, , 
162984, -2195, 2493, -2383, 113, f9dd303c-eeec-4609-9084-a2c15d04af3c, , qunut, qunut, , 
163020, -2196, 2464, -2376, 113, f9dd303c-eeec-4609-9084-a2c15d04af3c, , qunut, qunut, , 
163056, -2180, 2489, -2380, 113, f9dd303c-eeec-4609-9084-a2c15d04af3c, , qunut, qunut, , 
163091, -2205, 2494, -2413, 113, f9dd303c-eeec-4609-9084-a2c15d04af3c, , qunut, qunut, , 
163127, -2221, 2486, -2402, 113, f9dd303c-eeec-4609-9084-a2c15d04af3c, , qunut, qunut, , 
163163, -2210, 2459, -2378, 113, f9dd303c-eeec-4609-9084-a2c15d04af3c, , qunut, qunut, , 
163199, -2244, 2464, -2388, 113, f9dd303c-eeec-4609-9084-a2c15d04af3c, , qunut, qunut, , 
163239, -2205, 2470, -2414, 113, f9dd303c-eeec-4609-9084-a2c15d04af3c, , qunut, qunut, , 
163280, -2199, 2439, -2403, 113, f9dd303c-eeec-4609-9084-a2c15d04af3c, , qunut, qunut, , 
163321, -2242, 2461, -2422, 113, f9dd303c-eeec-4609-9084-a2c15d04af3c, , qunut, qunut, , 
163362, -2232, 2463, -2385, 113, f9dd303c-eeec-4609-9084-a2c15d04af3c, , qunut, qunut, , 
163403, -2217, 2469, -2369, 113, f9dd303c-eeec-4609-9084-a2c15d04af3c, , qunut, qunut, , 
163443, -2220, 2476, -2402, 113, f9dd303c-eeec-4609-9084-a2c15d04af3c, , qunut, qunut, , 
163484, -2190, 2507, -2387, 113, f9dd303c-eeec-4609-9084-a2c15d04af3c, , qunut, qunut, , 
163525, -2182, 2487, -2372, 113, f9dd303c-eeec-4609-9084-a2c15d04af3c, , qunut, qunut, , 
163566, -2209, 2489, -2350, 113, f9dd303c-eeec-4609-9084-a2c15d04af3c, , qunut, qunut, , 
163607, -2188, 2456, -2379, 113, f9dd303c-eeec-4609-9084-a2c15d04af3c, , qunut, qunut, , 
163648, -2217, 2477, -2380, 113, f9dd303c-eeec-4609-9084-a2c15d04af3c, , qunut, qunut, , 
163682, -2185, 2475, -2403, 113, f9dd303c-eeec-4609-9084-a2c15d04af3c, , qunut, qunut, , 
163717, -2213, 2495, -2387, 113, f9dd303c-eeec-4609-9084-a2c15d04af3c, , qunut, qunut, , 
163752, -2236, 2487, -2387, 113, f9dd303c-eeec-4609-9084-a2c15d04af3c, , qunut, qunut, , 
163787, -2214, 2437, -2374, 113, f9dd303c-eeec-4609-9084-a2c15d04af3c, , qunut, qunut, , 
163822, -2212, 2455, -2387, 113, f9dd303c-eeec-4609-9084-a2c15d04af3c, , qunut, qunut, , 
163856, -2168, 2456, -2376, 113, f9dd303c-eeec-4609-9084-a2c15d04af3c, , qunut, qunut, , 
163891, -2158, 2476, -2357, 113, f9dd303c-eeec-4609-9084-a2c15d04af3c, , qunut, qunut, , 
163926, -2184, 2489, -2388, 113, f9dd303c-eeec-4609-9084-a2c15d04af3c, , qunut, qunut, , 
163961, -2178, 2460, -2378, 113, f9dd303c-eeec-4609-9084-a2c15d04af3c, , qunut, qunut, , 
163996, -2232, 2447, -2405, 113, f9dd303c-eeec-4609-9084-a2c15d04af3c, , qunut, qunut, , 
164032, -2206, 2487, -2421, 113, f9dd303c-eeec-4609-9084-a2c15d04af3c, , qunut, qunut, , 
164069, -2212, 2477, -2400, 113, f9dd303c-eeec-4609-9084-a2c15d04af3c, , qunut, qunut, , 
164105, -2219, 2505, -2398, 113, f9dd303c-eeec-4609-9084-a2c15d04af3c, , qunut, qunut, , 
164142, -2216, 2473, -2409, 113, f9dd303c-eeec-4609-9084-a2c15d04af3c, , qunut, qunut, , 
164179, -2205, 2471, -2399, 113, f9dd303c-eeec-4609-9084-a2c15d04af3c, , qunut, qunut, , 
164215, -2220, 2452, -2433, 113, f9dd303c-eeec-4609-9084-a2c15d04af3c, , qunut, qunut, , 
164252, -2190, 2474, -2404, 113, f9dd303c-eeec-4609-9084-a2c15d04af3c, , qunut, qunut, , 
164289, -2163, 2443, -2413, 113, f9dd303c-eeec-4609-9084-a2c15d04af3c, , qunut, qunut, , 
164325, -2189, 2443, -2419, 113, f9dd303c-eeec-4609-9084-a2c15d04af3c, , qunut, qunut, , 
164362, -2191, 2474, -2423, 113, f9dd303c-eeec-4609-9084-a2c15d04af3c, , qunut, qunut, , 
164399, -2156, 2471, -2415, 113, f9dd303c-eeec-4609-9084-a2c15d04af3c, , qunut, qunut, , 
164440, -2198, 2467, -2373, 113, f9dd303c-eeec-4609-9084-a2c15d04af3c, , qunut, qunut, , 
164482, -2183, 2433, -2397, 113, f9dd303c-eeec-4609-9084-a2c15d04af3c, , qunut, qunut, , 
164524, -2212, 2471, -2417, 113, f9dd303c-eeec-4609-9084-a2c15d04af3c, , qunut, qunut, , 
164566, -2191, 2479, -2424, 113, f9dd303c-eeec-4609-9084-a2c15d04af3c, , qunut, qunut, , 
164608, -2157, 2483, -2398, 113, f9dd303c-eeec-4609-9084-a2c15d04af3c, , qunut, qunut, , 
164649, -2208, 2466, -2404, 113, f9dd303c-eeec-4609-9084-a2c15d04af3c, , qunut, qunut, , 
164691, -2164, 2463, -2388, 113, f9dd303c-eeec-4609-9084-a2c15d04af3c, , qunut, qunut, , 
164733, -2168, 2472, -2417, 113, f9dd303c-eeec-4609-9084-a2c15d04af3c, , qunut, qunut, , 
164775, -2166, 2468, -2440, 113, f9dd303c-eeec-4609-9084-a2c15d04af3c, , qunut, qunut, , 
164817, -2167, 2464, -2389, 113, f9dd303c-eeec-4609-9084-a2c15d04af3c, , qunut, qunut, , 
164855, -2177, 2476, -2379, 113, f9dd303c-eeec-4609-9084-a2c15d04af3c, , qunut, qunut, , 
164893, -2182, 2494, -2409, 113, f9dd303c-eeec-4609-9084-a2c15d04af3c, , qunut, qunut, , 
164931, -2174, 2504, -2426, 113, f9dd303c-eeec-4609-9084-a2c15d04af3c, , qunut, qunut, , 
164970, -2141, 2485, -2383, 113, f9dd303c-eeec-4609-9084-a2c15d04af3c, , qunut, qunut, , 
165008, -2167, 2482, -2404, 113, f9dd303c-eeec-4609-9084-a2c15d04af3c, , qunut, qunut, , 
165046, -2169, 2480, -2424, 113, f9dd303c-eeec-4609-9084-a2c15d04af3c, , qunut, qunut, , 
165085, -2188, 2481, -2435, 113, f9dd303c-eeec-4609-9084-a2c15d04af3c, , qunut, qunut, , 
165123, -2187, 2486, -2437, 113, f9dd303c-eeec-4609-9084-a2c15d04af3c, , qunut, qunut, , 
165161, -2144, 2495, -2415, 113, f9dd303c-eeec-4609-9084-a2c15d04af3c, , qunut, qunut, , 
165200, -2121, 2525, -2414, 113, f9dd303c-eeec-4609-9084-a2c15d04af3c, , qunut, qunut, , 
165236, -2154, 2495, -2399, 113, f9dd303c-eeec-4609-9084-a2c15d04af3c, , qunut, qunut, , 
165272, -2161, 2476, -2410, 113, f9dd303c-eeec-4609-9084-a2c15d04af3c, , qunut, qunut, , 
165308, -2153, 2500, -2405, 113, f9dd303c-eeec-4609-9084-a2c15d04af3c, , qunut, qunut, , 
165345, -2167, 2486, -2452, 113, f9dd303c-eeec-4609-9084-a2c15d04af3c, , qunut, qunut, , 
165381, -2156, 2480, -2401, 113, f9dd303c-eeec-4609-9084-a2c15d04af3c, , qunut, qunut, , 
165417, -2173, 2489, -2421, 113, f9dd303c-eeec-4609-9084-a2c15d04af3c, , qunut, qunut, , 
165453, -2162, 2476, -2425, 113, f9dd303c-eeec-4609-9084-a2c15d04af3c, , qunut, qunut, , 
165490, -2152, 2481, -2429, 113, f9dd303c-eeec-4609-9084-a2c15d04af3c, , qunut, qunut, , 
165526, -2173, 2473, -2391, 113, f9dd303c-eeec-4609-9084-a2c15d04af3c, , qunut, qunut, , 
165562, -2171, 2466, -2374, 113, f9dd303c-eeec-4609-9084-a2c15d04af3c, , qunut, qunut, , 
165599, -2147, 2496, -2430, 113, f9dd303c-eeec-4609-9084-a2c15d04af3c, , qunut, qunut, , 
165638, -2178, 2455, -2413, 112, f9dd303c-eeec-4609-9084-a2c15d04af3c, , qunut, qunut, , 
165678, -2149, 2490, -2413, 112, f9dd303c-eeec-4609-9084-a2c15d04af3c, , qunut, qunut, , 
165717, -2172, 2498, -2452, 112, f9dd303c-eeec-4609-9084-a2c15d04af3c, , qunut, qunut, , 
165757, -2157, 2511, -2403, 112, f9dd303c-eeec-4609-9084-a2c15d04af3c, , qunut, qunut, , 
165797, -2170, 2492, -2382, 112, f9dd303c-eeec-4609-9084-a2c15d04af3c, , qunut, qunut, , 
165836, -2208, 2502, -2383, 112, f9dd303c-eeec-4609-9084-a2c15d04af3c, , qunut, qunut, , 
165876, -2179, 2468, -2390, 112, f9dd303c-eeec-4609-9084-a2c15d04af3c, , qunut, qunut, , 
165915, -2172, 2481, -2413, 112, f9dd303c-eeec-4609-9084-a2c15d04af3c, , qunut, qunut, , 
165955, -2142, 2455, -2416, 112, f9dd303c-eeec-4609-9084-a2c15d04af3c, , qunut, qunut, , 
165995, -2171, 2466, -2380, 112, f9dd303c-eeec-4609-9084-a2c15d04af3c, , qunut, qunut, , 
166035, -2151, 2458, -2350, 112, f9dd303c-eeec-4609-9084-a2c15d04af3c, , qunut, qunut, , 
166075, -2144, 2494, -2410, 112, f9dd303c-eeec-4609-9084-a2c15d04af3c, , qunut, qunut, , 
166115, -2174, 2460, -2424, 112, f9dd303c-eeec-4609-9084-a2c15d04af3c, , qunut, qunut, , 
166155, -2174, 2479, -2404, 112, f9dd303c-eeec-4609-9084-a2c15d04af3c, , qunut, qunut, , 
166196, -2200, 2461, -2382, 112, f9dd303c-eeec-4609-9084-a2c15d04af3c, , qunut, qunut, , 
166236, -2198, 2460, -2421, 112, f9dd303c-eeec-4609-9084-a2c15d04af3c, , qunut, qunut, , 
166276, -2186, 2484, -2426, 112, f9dd303c-eeec-4609-9084-a2c15d04af3c, , qunut, qunut, , 
166316, -2199, 2473, -2457, 112, f9dd303c-eeec-4609-9084-a2c15d04af3c, , qunut, qunut, , 
166356, -2179, 2501, -2418, 112, f9dd303c-eeec-4609-9084-a2c15d04af3c, , qunut, qunut, , 
166397, -2154, 2488, -2371, 112, f9dd303c-eeec-4609-9084-a2c15d04af3c, , qunut, qunut, , 
166435, -2173, 2452, -2383, 111, f9dd303c-eeec-4609-9084-a2c15d04af3c, , qunut, qunut, , 
166473, -2159, 2479, -2432, 111, f9dd303c-eeec-4609-9084-a2c15d04af3c, , qunut, qunut, , 
166511, -2170, 2487, -2438, 111, f9dd303c-eeec-4609-9084-a2c15d04af3c, , qunut, qunut, , 
166549, -2191, 2463, -2435, 111, f9dd303c-eeec-4609-9084-a2c15d04af3c, , qunut, qunut, , 
166587, -2162, 2438, -2389, 111, f9dd303c-eeec-4609-9084-a2c15d04af3c, , qunut, qunut, , 
166626, -2208, 2431, -2413, 111, f9dd303c-eeec-4609-9084-a2c15d04af3c, , qunut, qunut, , 
166664, -2202, 2444, -2445, 111, f9dd303c-eeec-4609-9084-a2c15d04af3c, , qunut, qunut, , 
166702, -2195, 2437, -2435, 111, f9dd303c-eeec-4609-9084-a2c15d04af3c, , qunut, qunut, , 
166740, -2168, 2449, -2418, 111, f9dd303c-eeec-4609-9084-a2c15d04af3c, , qunut, qunut, , 
166778, -2195, 2473, -2431, 111, f9dd303c-eeec-4609-9084-a2c15d04af3c, , qunut, qunut, , 
166817, -2167, 2441, -2407, 111, f9dd303c-eeec-4609-9084-a2c15d04af3c, , qunut, qunut, , 
166859, -2179, 2471, -2420, 111, f9dd303c-eeec-4609-9084-a2c15d04af3c, , qunut, qunut, , 
166902, -2194, 2453, -2460, 111, f9dd303c-eeec-4609-9084-a2c15d04af3c, , qunut, qunut, , 
166944, -2163, 2503, -2452, 111, f9dd303c-eeec-4609-9084-a2c15d04af3c, , qunut, qunut, , 
166987, -2204, 2460, -2423, 111, f9dd303c-eeec-4609-9084-a2c15d04af3c, , qunut, qunut, , 
167029, -2171, 2457, -2417, 111, f9dd303c-eeec-4609-9084-a2c15d04af3c, , qunut, qunut, , 
167072, -2170, 2429, -2425, 111, f9dd303c-eeec-4609-9084-a2c15d04af3c, , qunut, qunut, , 
167114, -2172, 2460, -2448, 111, f9dd303c-eeec-4609-9084-a2c15d04af3c, , qunut, qunut, , 
167157, -2157, 2447, -2440, 111, f9dd303c-eeec-4609-9084-a2c15d04af3c, , qunut, qunut, , 
167199, -2178, 2445, -2408, 111, f9dd303c-eeec-4609-9084-a2c15d04af3c, , qunut, qunut, , 
167242, -2176, 2463, -2445, 111, f9dd303c-eeec-4609-9084-a2c15d04af3c, , qunut, qunut, , 
167277, -2148, 2469, -2414, 111, f9dd303c-eeec-4609-9084-a2c15d04af3c, , qunut, qunut, , 
167313, -2159, 2462, -2449, 111, f9dd303c-eeec-4609-9084-a2c15d04af3c, , qunut, qunut, , 
167348, -2176, 2412, -2457, 111, f9dd303c-eeec-4609-9084-a2c15d04af3c, , qunut, qunut, , 
167384, -2179, 2470, -2436, 111, f9dd303c-eeec-4609-9084-a2c15d04af3c, , qunut, qunut, , 
167420, -2166, 2482, -2433, 111, f9dd303c-eeec-4609-9084-a2c15d04af3c, , qunut, qunut, , 
167455, -2156, 2480, -2410, 111, f9dd303c-eeec-4609-9084-a2c15d04af3c, , qunut, qunut, , 
167491, -2161, 2472, -2405, 111, f9dd303c-eeec-4609-9084-a2c15d04af3c, , qunut, qunut, , 
167526, -2157, 2486, -2407, 111, f9dd303c-eeec-4609-9084-a2c15d04af3c, , qunut, qunut, , 
167562, -2141, 2480, -2415, 111, f9dd303c-eeec-4609-9084-a2c15d04af3c, , qunut, qunut, , 
167598, -2165, 2462, -2420, 111, f9dd303c-eeec-4609-9084-a2c15d04af3c, , qunut, qunut, , 
167633, -2182, 2441, -2412, 110, f9dd303c-eeec-4609-9084-a2c15d04af3c, , qunut, qunut, , 
167668, -2195, 2451, -2451, 110, f9dd303c-eeec-4609-9084-a2c15d04af3c, , qunut, qunut, , 
167703, -2180, 2473, -2454, 110, f9dd303c-eeec-4609-9084-a2c15d04af3c, , qunut, qunut, , 
167738, -2156, 2475, -2404, 110, f9dd303c-eeec-4609-9084-a2c15d04af3c, , qunut, qunut, , 
167773, -2165, 2461, -2383, 110, f9dd303c-eeec-4609-9084-a2c15d04af3c, , qunut, qunut, , 
167809, -2175, 2468, -2411, 110, f9dd303c-eeec-4609-9084-a2c15d04af3c, , qunut, qunut, , 
167844, -2167, 2459, -2440, 110, f9dd303c-eeec-4609-9084-a2c15d04af3c, , qunut, qunut, , 
167879, -2163, 2434, -2420, 110, f9dd303c-eeec-4609-9084-a2c15d04af3c, , qunut, qunut, , 
167914, -2189, 2462, -2433, 110, f9dd303c-eeec-4609-9084-a2c15d04af3c, , qunut, qunut, , 
167949, -2173, 2453, -2414, 110, f9dd303c-eeec-4609-9084-a2c15d04af3c, , qunut, qunut, , 
167985, -2191, 2434, -2400, 110, f9dd303c-eeec-4609-9084-a2c15d04af3c, , qunut, qunut, , 
168026, -2170, 2426, -2416, 108, f9dd303c-eeec-4609-9084-a2c15d04af3c, , qunut, qunut, , 
168067, -2185, 2461, -2455, 108, f9dd303c-eeec-4609-9084-a2c15d04af3c, , qunut, qunut, , 
168109, -2162, 2458, -2440, 108, f9dd303c-eeec-4609-9084-a2c15d04af3c, , qunut, qunut, , 
168150, -2173, 2470, -2394, 108, f9dd303c-eeec-4609-9084-a2c15d04af3c, , qunut, qunut, , 
168192, -2173, 2446, -2418, 108, f9dd303c-eeec-4609-9084-a2c15d04af3c, , qunut, qunut, , 
168233, -2148, 2455, -2461, 108, f9dd303c-eeec-4609-9084-a2c15d04af3c, , qunut, qunut, , 
168274, -2177, 2446, -2460, 108, f9dd303c-eeec-4609-9084-a2c15d04af3c, , qunut, qunut, , 
168316, -2175, 2434, -2460, 108, f9dd303c-eeec-4609-9084-a2c15d04af3c, , qunut, qunut, , 
168357, -2186, 2408, -2445, 108, f9dd303c-eeec-4609-9084-a2c15d04af3c, , qunut, qunut, , 
168399, -2181, 2439, -2436, 108, f9dd303c-eeec-4609-9084-a2c15d04af3c, , qunut, qunut, , 
168433, -2191, 2448, -2459, 108, f9dd303c-eeec-4609-9084-a2c15d04af3c, , qunut, qunut, , 
168467, -2158, 2457, -2449, 108, f9dd303c-eeec-4609-9084-a2c15d04af3c, , qunut, qunut, , 
168501, -2171, 2453, -2441, 108, f9dd303c-eeec-4609-9084-a2c15d04af3c, , qunut, qunut, , 
168536, -2147, 2452, -2457, 108, f9dd303c-eeec-4609-9084-a2c15d04af3c, , qunut, qunut, , 
168570, -2147, 2448, -2439, 108, f9dd303c-eeec-4609-9084-a2c15d04af3c, , qunut, qunut, , 
168604, -2175, 2422, -2445, 108, f9dd303c-eeec-4609-9084-a2c15d04af3c, , qunut, qunut, , 
168638, -2161, 2436, -2473, 108, f9dd303c-eeec-4609-9084-a2c15d04af3c, , qunut, qunut, , 
168673, -2159, 2458, -2471, 108, f9dd303c-eeec-4609-9084-a2c15d04af3c, , qunut, qunut, , 
168707, -2130, 2472, -2452, 108, f9dd303c-eeec-4609-9084-a2c15d04af3c, , qunut, qunut, , 
168741, -2164, 2466, -2438, 108, f9dd303c-eeec-4609-9084-a2c15d04af3c, , qunut, qunut, , 
168776, -2123, 2448, -2448, 108, f9dd303c-eeec-4609-9084-a2c15d04af3c, , qunut, qunut, , 
168816, -2171, 2456, -2459, 108, f9dd303c-eeec-4609-9084-a2c15d04af3c, , qunut, qunut, , 
168856, -2145, 2463, -2435, 108, f9dd303c-eeec-4609-9084-a2c15d04af3c, , qunut, qunut, , 
168897, -2134, 2461, -2439, 108, f9dd303c-eeec-4609-9084-a2c15d04af3c, , qunut, qunut, , 
168937, -2184, 2457, -2447, 108, f9dd303c-eeec-4609-9084-a2c15d04af3c, , qunut, qunut, , 
168978, -2189, 2443, -2445, 108, f9dd303c-eeec-4609-9084-a2c15d04af3c, , qunut, qunut, , 
169018, -2164, 2442, -2461, 108, f9dd303c-eeec-4609-9084-a2c15d04af3c, , qunut, qunut, , 
169058, -2146, 2458, -2451, 108, f9dd303c-eeec-4609-9084-a2c15d04af3c, , qunut, qunut, , 
169099, -2141, 2465, -2443, 108, f9dd303c-eeec-4609-9084-a2c15d04af3c, , qunut, qunut, , 
169139, -2143, 2444, -2444, 108, f9dd303c-eeec-4609-9084-a2c15d04af3c, , qunut, qunut, , 
169180, -2139, 2456, -2440, 108, f9dd303c-eeec-4609-9084-a2c15d04af3c, , qunut, qunut, , 
169220, -2154, 2447, -2439, 106, f9dd303c-eeec-4609-9084-a2c15d04af3c, , qunut, qunut, , 
169260, -2139, 2472, -2446, 106, f9dd303c-eeec-4609-9084-a2c15d04af3c, , qunut, qunut, , 
169301, -2172, 2470, -2454, 106, f9dd303c-eeec-4609-9084-a2c15d04af3c, , qunut, qunut, , 
169341, -2128, 2438, -2436, 106, f9dd303c-eeec-4609-9084-a2c15d04af3c, , qunut, qunut, , 
169382, -2141, 2472, -2430, 106, f9dd303c-eeec-4609-9084-a2c15d04af3c, , qunut, qunut, , 
169422, -2101, 2472, -2454, 106, f9dd303c-eeec-4609-9084-a2c15d04af3c, , qunut, qunut, , 
169462, -2141, 2477, -2499, 106, f9dd303c-eeec-4609-9084-a2c15d04af3c, , qunut, qunut, , 
169503, -2133, 2470, -2454, 106, f9dd303c-eeec-4609-9084-a2c15d04af3c, , qunut, qunut, , 
169543, -2155, 2468, -2442, 106, f9dd303c-eeec-4609-9084-a2c15d04af3c, , qunut, qunut, , 
169584, -2152, 2441, -2435, 106, f9dd303c-eeec-4609-9084-a2c15d04af3c, , qunut, qunut, , 
169628, -2131, 2478, -2469, 106, f9dd303c-eeec-4609-9084-a2c15d04af3c, , qunut, qunut, , 
169673, -2135, 2465, -2451, 106, f9dd303c-eeec-4609-9084-a2c15d04af3c, , qunut, qunut, , 
169718, -2136, 2459, -2442, 106, f9dd303c-eeec-4609-9084-a2c15d04af3c, , qunut, qunut, , 
169762, -2124, 2466, -2443, 106, f9dd303c-eeec-4609-9084-a2c15d04af3c, , qunut, qunut, , 
169807, -2116, 2469, -2444, 106, f9dd303c-eeec-4609-9084-a2c15d04af3c, , qunut, qunut, , 
169852, -2138, 2441, -2459, 106, f9dd303c-eeec-4609-9084-a2c15d04af3c, , qunut, qunut, , 
169897, -2135, 2467, -2472, 106, f9dd303c-eeec-4609-9084-a2c15d04af3c, , qunut, qunut, , 
169941, -2141, 2504, -2480, 106, f9dd303c-eeec-4609-9084-a2c15d04af3c, , qunut, qunut, , 
169986, -2138, 2488, -2471, 106, f9dd303c-eeec-4609-9084-a2c15d04af3c, , qunut, qunut, , 
170031, -2125, 2475, -2437, 106, f9dd303c-eeec-4609-9084-a2c15d04af3c, , qunut, qunut, , 
170076, -2151, 2495, -2443, 106, f9dd303c-eeec-4609-9084-a2c15d04af3c, , qunut, qunut, , 
170108, -2139, 2460, -2451, 106, f9dd303c-eeec-4609-9084-a2c15d04af3c, , qunut, qunut, , 
170140, -2128, 2459, -2475, 106, f9dd303c-eeec-4609-9084-a2c15d04af3c, , qunut, qunut, , 
170173, -2133, 2469, -2479, 106, f9dd303c-eeec-4609-9084-a2c15d04af3c, , qunut, qunut, , 
170205, -2133, 2450, -2456, 106, f9dd303c-eeec-4609-9084-a2c15d04af3c, , qunut, qunut, , 
170238, -2149, 2472, -2466, 106, f9dd303c-eeec-4609-9084-a2c15d04af3c, , qunut, qunut, , 
170270, -2126, 2458, -2453, 106, f9dd303c-eeec-4609-9084-a2c15d04af3c, , qunut, qunut, , 
170302, -2146, 2464, -2463, 106, f9dd303c-eeec-4609-9084-a2c15d04af3c, , qunut, qunut, , 
170335, -2155, 2432, -2469, 106, f9dd303c-eeec-4609-9084-a2c15d04af3c, , qunut, qunut, , 
170367, -2149, 2460, -2476, 106, f9dd303c-eeec-4609-9084-a2c15d04af3c, , qunut, qunut, , 
170400, -2129, 2453, -2472, 106, f9dd303c-eeec-4609-9084-a2c15d04af3c, , qunut, qunut, , 
170441, -2145, 2427, -2440, 106, f9dd303c-eeec-4609-9084-a2c15d04af3c, , qunut, qunut, , 
170482, -2123, 2458, -2464, 106, f9dd303c-eeec-4609-9084-a2c15d04af3c, , qunut, qunut, , 
170523, -2132, 2460, -2483, 106, f9dd303c-eeec-4609-9084-a2c15d04af3c, , qunut, qunut, , 
170564, -2121, 2491, -2468, 106, f9dd303c-eeec-4609-9084-a2c15d04af3c, , qunut, qunut, , 
170605, -2132, 2456, -2461, 106, f9dd303c-eeec-4609-9084-a2c15d04af3c, , qunut, qunut, , 
170646, -2155, 2486, -2454, 106, f9dd303c-eeec-4609-9084-a2c15d04af3c, , qunut, qunut, , 
170687, -2160, 2451, -2481, 106, f9dd303c-eeec-4609-9084-a2c15d04af3c, , qunut, qunut, , 
170728, -2141, 2454, -2481, 106, f9dd303c-eeec-4609-9084-a2c15d04af3c, , qunut, qunut, , 
170769, -2118, 2442, -2475, 106, f9dd303c-eeec-4609-9084-a2c15d04af3c, , qunut, qunut, , 
170810, -2149, 2450, -2486, 106, f9dd303c-eeec-4609-9084-a2c15d04af3c, , qunut, qunut, , 
170851, -2161, 2455, -2474, 106, f9dd303c-eeec-4609-9084-a2c15d04af3c, , qunut, qunut, , 
170888, -2131, 2469, -2481, 106, f9dd303c-eeec-4609-9084-a2c15d04af3c, , qunut, qunut, , 
170925, -2125, 2453, -2438, 106, f9dd303c-eeec-4609-9084-a2c15d04af3c, , qunut, qunut, , 
170962, -2135, 2462, -2437, 106, f9dd303c-eeec-4609-9084-a2c15d04af3c, , qunut, qunut, , 
170999, -2137, 2441, -2430, 106, f9dd303c-eeec-4609-9084-a2c15d04af3c, , qunut, qunut, , 
171037, -2143, 2487, -2440, 106, f9dd303c-eeec-4609-9084-a2c15d04af3c, , qunut, qunut, , 
171074, -2156, 2465, -2459, 106, f9dd303c-eeec-4609-9084-a2c15d04af3c, , qunut, qunut, , 
171111, -2133, 2473, -2476, 106, f9dd303c-eeec-4609-9084-a2c15d04af3c, , qunut, qunut, , 
171148, -2128, 2475, -2466, 106, f9dd303c-eeec-4609-9084-a2c15d04af3c, , qunut, qunut, , 
171185, -2120, 2463, -2432, 106, f9dd303c-eeec-4609-9084-a2c15d04af3c, , qunut, qunut, , 
171223, -2131, 2468, -2441, 106, f9dd303c-eeec-4609-9084-a2c15d04af3c, , qunut, qunut, , 
171263, -2129, 2495, -2443, 105, f9dd303c-eeec-4609-9084-a2c15d04af3c, , qunut, qunut, , 
171304, -2121, 2469, -2454, 105, f9dd303c-eeec-4609-9084-a2c15d04af3c, , qunut, qunut, , 
171345, -2093, 2495, -2456, 105, f9dd303c-eeec-4609-9084-a2c15d04af3c, , qunut, qunut, , 
171385, -2101, 2490, -2424, 105, f9dd303c-eeec-4609-9084-a2c15d04af3c, , qunut, qunut, , 
171426, -2115, 2481, -2436, 105, f9dd303c-eeec-4609-9084-a2c15d04af3c, , qunut, qunut, , 
171467, -2117, 2479, -2448, 105, f9dd303c-eeec-4609-9084-a2c15d04af3c, , qunut, qunut, , 
171507, -2118, 2482, -2464, 105, f9dd303c-eeec-4609-9084-a2c15d04af3c, , qunut, qunut, , 
171548, -2131, 2459, -2438, 105, f9dd303c-eeec-4609-9084-a2c15d04af3c, , qunut, qunut, , 
171589, -2122, 2468, -2448, 105, f9dd303c-eeec-4609-9084-a2c15d04af3c, , qunut, qunut, , 
171630, -2126, 2508, -2443, 105, f9dd303c-eeec-4609-9084-a2c15d04af3c, , qunut, qunut, , 
171664, -2126, 2477, -2468, 105, f9dd303c-eeec-4609-9084-a2c15d04af3c, , qunut, qunut, , 
171699, -2117, 2462, -2452, 105, f9dd303c-eeec-4609-9084-a2c15d04af3c, , qunut, qunut, , 
171734, -2121, 2509, -2477, 105, f9dd303c-eeec-4609-9084-a2c15d04af3c, , qunut, qunut, , 
171769, -2094, 2521, -2452, 105, f9dd303c-eeec-4609-9084-a2c15d04af3c, , qunut, qunut, , 
171804, -2128, 2485, -2442, 105, f9dd303c-eeec-4609-9084-a2c15d04af3c, , qunut, qunut, , 
171839, -2112, 2470, -2453, 105, f9dd303c-eeec-4609-9084-a2c15d04af3c, , qunut, qunut, , 
171874, -2098, 2462, -2477, 105, f9dd303c-eeec-4609-9084-a2c15d04af3c, , qunut, qunut, , 
171909, -2128, 2480, -2453, 105, f9dd303c-eeec-4609-9084-a2c15d04af3c, , qunut, qunut, , 
171944, -2143, 2497, -2465, 105, f9dd303c-eeec-4609-9084-a2c15d04af3c, , qunut, qunut, , 
171979, -2137, 2478, -2461, 105, f9dd303c-eeec-4609-9084-a2c15d04af3c, , qunut, qunut, , 
172014, -2142, 2503, -2458, 105, f9dd303c-eeec-4609-9084-a2c15d04af3c, , qunut, qunut, , 
172056, -2118, 2499, -2465, 103, f9dd303c-eeec-4609-9084-a2c15d04af3c, , qunut, qunut, , 
172098, -2113, 2472, -2457, 103, f9dd303c-eeec-4609-9084-a2c15d04af3c, , qunut, qunut, , 
172140, -2125, 2482, -2441, 103, f9dd303c-eeec-4609-9084-a2c15d04af3c, , qunut, qunut, , 
172182, -2092, 2475, -2431, 103, f9dd303c-eeec-4609-9084-a2c15d04af3c, , qunut, qunut, , 
172224, -2116, 2433, -2428, 103, f9dd303c-eeec-4609-9084-a2c15d04af3c, , qunut, qunut, , 
172266, -2141, 2508, -2456, 103, f9dd303c-eeec-4609-9084-a2c15d04af3c, , qunut, qunut, , 
172308, -2122, 2490, -2450, 103, f9dd303c-eeec-4609-9084-a2c15d04af3c, , qunut, qunut, , 
172350, -2091, 2458, -2427, 103, f9dd303c-eeec-4609-9084-a2c15d04af3c, , qunut, qunut, , 
172392, -2111, 2509, -2477, 103, f9dd303c-eeec-4609-9084-a2c15d04af3c, , qunut, qunut, , 
172434, -2136, 2514, -2481, 103, f9dd303c-eeec-4609-9084-a2c15d04af3c, , qunut, qunut, , 
172467, -2102, 2575, -2509, 103, f9dd303c-eeec-4609-9084-a2c15d04af3c, , qunut, qunut, , 
172501, -2101, 2514, -2480, 103, f9dd303c-eeec-4609-9084-a2c15d04af3c, , qunut, qunut, , 
172534, -2097, 2496, -2462, 103, f9dd303c-eeec-4609-9084-a2c15d04af3c, , qunut, qunut, , 
172568, -2075, 2461, -2439, 103, f9dd303c-eeec-4609-9084-a2c15d04af3c, , qunut, qunut, , 
172601, -2099, 2515, -2502, 103, f9dd303c-eeec-4609-9084-a2c15d04af3c, , qunut, qunut, , 
172635, -2091, 2468, -2456, 103, f9dd303c-eeec-4609-9084-a2c15d04af3c, , qunut, qunut, , 
172668, -2109, 2490, -2477, 103, f9dd303c-eeec-4609-9084-a2c15d04af3c, , qunut, qunut, , 
172702, -2085, 2492, -2459, 103, f9dd303c-eeec-4609-9084-a2c15d04af3c, , qunut, qunut, , 
172735, -2101, 2503, -2462, 103, f9dd303c-eeec-4609-9084-a2c15d04af3c, , qunut, qunut, , 
172769, -2095, 2514, -2412, 103, f9dd303c-eeec-4609-9084-a2c15d04af3c, , qunut, qunut, , 
172803, -2104, 2495, -2472, 103, f9dd303c-eeec-4609-9084-a2c15d04af3c, , qunut, qunut, , 
172844, -2094, 2482, -2453, 103, f9dd303c-eeec-4609-9084-a2c15d04af3c, , qunut, qunut, , 
172886, -2119, 2507, -2479, 103, f9dd303c-eeec-4609-9084-a2c15d04af3c, , qunut, qunut, , 
172928, -2081, 2510, -2427, 103, f9dd303c-eeec-4609-9084-a2c15d04af3c, , qunut, qunut, , 
172970, -2103, 2511, -2446, 103, f9dd303c-eeec-4609-9084-a2c15d04af3c, , qunut, qunut, , 
173012, -2124, 2453, -2438, 103, f9dd303c-eeec-4609-9084-a2c15d04af3c, , qunut, qunut, , 
173054, -2113, 2454, -2467, 103, f9dd303c-eeec-4609-9084-a2c15d04af3c, , qunut, qunut, , 
173096, -2117, 2466, -2471, 103, f9dd303c-eeec-4609-9084-a2c15d04af3c, , qunut, qunut, , 
173138, -2141, 2506, -2468, 103, f9dd303c-eeec-4609-9084-a2c15d04af3c, , qunut, qunut, , 
173180, -2155, 2452, -2485, 103, f9dd303c-eeec-4609-9084-a2c15d04af3c, , qunut, qunut, , 
173222, -2122, 2485, -2468, 103, f9dd303c-eeec-4609-9084-a2c15d04af3c, , qunut, qunut, , 
173260, -2098, 2517, -2465, 103, f9dd303c-eeec-4609-9084-a2c15d04af3c, , qunut, qunut, , 
173298, -2096, 2489, -2458, 103, f9dd303c-eeec-4609-9084-a2c15d04af3c, , qunut, qunut, , 
173336, -2085, 2465, -2443, 103, f9dd303c-eeec-4609-9084-a2c15d04af3c, , qunut, qunut, , 
173374, -2103, 2462, -2441, 103, f9dd303c-eeec-4609-9084-a2c15d04af3c, , qunut, qunut, , 
173412, -2122, 2484, -2432, 103, f9dd303c-eeec-4609-9084-a2c15d04af3c, , qunut, qunut, , 
173450, -2120, 2454, -2461, 103, f9dd303c-eeec-4609-9084-a2c15d04af3c, , qunut, qunut, , 
173488, -2119, 2500, -2490, 103, f9dd303c-eeec-4609-9084-a2c15d04af3c, , qunut, qunut, , 
173526, -2119, 2513, -2469, 103, f9dd303c-eeec-4609-9084-a2c15d04af3c, , qunut, qunut, , 
173564, -2137, 2507, -2426, 103, f9dd303c-eeec-4609-9084-a2c15d04af3c, , qunut, qunut, , 
173603, -2126, 2527, -2462, 103, f9dd303c-eeec-4609-9084-a2c15d04af3c, , qunut, qunut, , 
173640, -2095, 2462, -2440, 102, f9dd303c-eeec-4609-9084-a2c15d04af3c, , qunut, qunut, , 
173677, -2131, 2492, -2445, 102, f9dd303c-eeec-4609-9084-a2c15d04af3c, , qunut, qunut, , 
173714, -2108, 2481, -2455, 102, f9dd303c-eeec-4609-9084-a2c15d04af3c, , qunut, qunut, , 
173751, -2141, 2471, -2437, 102, f9dd303c-eeec-4609-9084-a2c15d04af3c, , qunut, qunut, , 
173788, -2136, 2498, -2445, 102, f9dd303c-eeec-4609-9084-a2c15d04af3c, , qunut, qunut, , 
173826, -2106, 2471, -2433, 102, f9dd303c-eeec-4609-9084-a2c15d04af3c, , qunut, qunut, , 
173863, -2125, 2493, -2470, 102, f9dd303c-eeec-4609-9084-a2c15d04af3c, , qunut, qunut, , 
173900, -2139, 2477, -2420, 102, f9dd303c-eeec-4609-9084-a2c15d04af3c, , qunut, qunut, , 
173937, -2120, 2471, -2438, 102, f9dd303c-eeec-4609-9084-a2c15d04af3c, , qunut, qunut, , 
173974, -2116, 2482, -2451, 102, f9dd303c-eeec-4609-9084-a2c15d04af3c, , qunut, qunut, , 
174012, -2138, 2475, -2455, 102, f9dd303c-eeec-4609-9084-a2c15d04af3c, , qunut, qunut, , 
174056, -2139, 2483, -2453, 102, f9dd303c-eeec-4609-9084-a2c15d04af3c, , qunut, qunut, , 
174100, -2141, 2516, -2465, 102, f9dd303c-eeec-4609-9084-a2c15d04af3c, , qunut, qunut, , 
174144, -2140, 2510, -2439, 102, f9dd303c-eeec-4609-9084-a2c15d04af3c, , qunut, qunut, , 
174188, -2139, 2537, -2435, 102, f9dd303c-eeec-4609-9084-a2c15d04af3c, , qunut, qunut, , 
174232, -2102, 2499, -2406, 102, f9dd303c-eeec-4609-9084-a2c15d04af3c, , qunut, qunut, , 
174276, -2124, 2485, -2460, 102, f9dd303c-eeec-4609-9084-a2c15d04af3c, , qunut, qunut, , 
174320, -2095, 2461, -2441, 102, f9dd303c-eeec-4609-9084-a2c15d04af3c, , qunut, qunut, , 
174364, -2075, 2485, -2435, 102, f9dd303c-eeec-4609-9084-a2c15d04af3c, , qunut, qunut, , 
174408, -2100, 2463, -2414, 102, f9dd303c-eeec-4609-9084-a2c15d04af3c, , qunut, qunut, , 
174452, -2135, 2501, -2450, 102, f9dd303c-eeec-4609-9084-a2c15d04af3c, , qunut, qunut, , 
174482, -2155, 2486, -2471, 102, f9dd303c-eeec-4609-9084-a2c15d04af3c, , qunut, qunut, , 
174512, -2134, 2483, -2454, 102, f9dd303c-eeec-4609-9084-a2c15d04af3c, , qunut, qunut, , 
174542, -2162, 2492, -2456, 102, f9dd303c-eeec-4609-9084-a2c15d04af3c, , qunut, qunut, , 
174572, -2111, 2505, -2432, 102, f9dd303c-eeec-4609-9084-a2c15d04af3c, , qunut, qunut, , 
174602, -2105, 2458, -2413, 102, f9dd303c-eeec-4609-9084-a2c15d04af3c, , qunut, qunut, , 
174632, -2094, 2502, -2447, 102, f9dd303c-eeec-4609-9084-a2c15d04af3c, , qunut, qunut, , 
174662, -2105, 2501, -2462, 102, f9dd303c-eeec-4609-9084-a2c15d04af3c, , qunut, qunut, , 
174692, -2094, 2543, -2451, 102, f9dd303c-eeec-4609-9084-a2c15d04af3c, , qunut, qunut, , 
174722, -2122, 2502, -2456, 102, f9dd303c-eeec-4609-9084-a2c15d04af3c, , qunut, qunut, , 
174752, -2105, 2517, -2464, 102, f9dd303c-eeec-4609-9084-a2c15d04af3c, , qunut, qunut, , 
174782, -2136, 2488, -2488, 102, f9dd303c-eeec-4609-9084-a2c15d04af3c, , qunut, qunut, , 
174826, -2122, 2483, -2507, 102, f9dd303c-eeec-4609-9084-a2c15d04af3c, , qunut, qunut, , 
174871, -2114, 2453, -2471, 102, f9dd303c-eeec-4609-9084-a2c15d04af3c, , qunut, qunut, , 
174916, -2106, 2483, -2455, 102, f9dd303c-eeec-4609-9084-a2c15d04af3c, , qunut, qunut, , 
174960, -2113, 2490, -2450, 102, f9dd303c-eeec-4609-9084-a2c15d04af3c, , qunut, qunut, , 
175005, -2124, 2472, -2438, 102, f9dd303c-eeec-4609-9084-a2c15d04af3c, , qunut, qunut, , 
175050, -2112, 2463, -2445, 102, f9dd303c-eeec-4609-9084-a2c15d04af3c, , qunut, qunut, , 
175094, -2115, 2464, -2460, 102, f9dd303c-eeec-4609-9084-a2c15d04af3c, , qunut, qunut, , 
175139, -2122, 2481, -2474, 102, f9dd303c-eeec-4609-9084-a2c15d04af3c, , qunut, qunut, , 
175184, -2102, 2475, -2436, 102, f9dd303c-eeec-4609-9084-a2c15d04af3c, , qunut, qunut, , 
175229, -2108, 2457, -2436, 102, f9dd303c-eeec-4609-9084-a2c15d04af3c, , qunut, qunut, , 
175265, -2092, 2485, -2484, 102, f9dd303c-eeec-4609-9084-a2c15d04af3c, , qunut, qunut, , 
175302, -2113, 2493, -2528, 102, f9dd303c-eeec-4609-9084-a2c15d04af3c, , qunut, qunut, , 
175339, -2101, 2513, -2517, 102, f9dd303c-eeec-4609-9084-a2c15d04af3c, , qunut, qunut, , 
175375, -2126, 2476, -2487, 102, f9dd303c-eeec-4609-9084-a2c15d04af3c, , qunut, qunut, , 
175412, -2129, 2464, -2502, 102, f9dd303c-eeec-4609-9084-a2c15d04af3c, , qunut, qunut, , 
175449, -2118, 2457, -2458, 102, f9dd303c-eeec-4609-9084-a2c15d04af3c, , qunut, qunut, , 
175485, -2126, 2450, -2496, 102, f9dd303c-eeec-4609-9084-a2c15d04af3c, , qunut, qunut, , 
175522, -2094, 2434, -2449, 102, f9dd303c-eeec-4609-9084-a2c15d04af3c, , qunut, qunut, , 
175559, -2133, 2428, -2471, 102, f9dd303c-eeec-4609-9084-a2c15d04af3c, , qunut, qunut, , 
175596, -2114, 2436, -2493, 102, f9dd303c-eeec-4609-9084-a2c15d04af3c, , qunut, qunut, , 
175637, -2116, 2428, -2484, 102, f9dd303c-eeec-4609-9084-a2c15d04af3c, , qunut, qunut, , 
175678, -2098, 2436, -2468, 102, f9dd303c-eeec-4609-9084-a2c15d04af3c, , qunut, qunut, , 
175719, -2121, 2419, -2539, 102, f9dd303c-eeec-4609-9084-a2c15d04af3c, , qunut, qunut, , 
175760, -2124, 2462, -2515, 102, f9dd303c-eeec-4609-9084-a2c15d04af3c, , qunut, qunut, , 
175801, -2110, 2436, -2500, 102, f9dd303c-eeec-4609-9084-a2c15d04af3c, , qunut, qunut, , 
175843, -2114, 2490, -2500, 102, f9dd303c-eeec-4609-9084-a2c15d04af3c, , qunut, qunut, , 
175884, -2119, 2456, -2517, 102, f9dd303c-eeec-4609-9084-a2c15d04af3c, , qunut, qunut, , 
175925, -2082, 2491, -2502, 102, f9dd303c-eeec-4609-9084-a2c15d04af3c, , qunut, qunut, , 
175966, -2091, 2461, -2483, 102, f9dd303c-eeec-4609-9084-a2c15d04af3c, , qunut, qunut, , 
176007, -2086, 2452, -2460, 102, f9dd303c-eeec-4609-9084-a2c15d04af3c, , qunut, qunut, , 
176049, -2069, 2430, -2515, 102, f9dd303c-eeec-4609-9084-a2c15d04af3c, , qunut, qunut, , 
176082, -2090, 2459, -2509, 102, f9dd303c-eeec-4609-9084-a2c15d04af3c, , qunut, qunut, , 
176115, -2093, 2473, -2484, 102, f9dd303c-eeec-4609-9084-a2c15d04af3c, , qunut, qunut, , 
176149, -2084, 2445, -2470, 102, f9dd303c-eeec-4609-9084-a2c15d04af3c, , qunut, qunut, , 
176182, -2100, 2462, -2481, 102, f9dd303c-eeec-4609-9084-a2c15d04af3c, , qunut, qunut, , 
176216, -2117, 2480, -2539, 102, f9dd303c-eeec-4609-9084-a2c15d04af3c, , qunut, qunut, , 
176249, -2093, 2496, -2541, 102, f9dd303c-eeec-4609-9084-a2c15d04af3c, , qunut, qunut, , 
176282, -2079, 2506, -2529, 102, f9dd303c-eeec-4609-9084-a2c15d04af3c, , qunut, qunut, , 
176316, -2081, 2468, -2493, 102, f9dd303c-eeec-4609-9084-a2c15d04af3c, , qunut, qunut, , 
176349, -2077, 2472, -2465, 102, f9dd303c-eeec-4609-9084-a2c15d04af3c, , qunut, qunut, , 
176383, -2083, 2468, -2449, 102, f9dd303c-eeec-4609-9084-a2c15d04af3c, , qunut, qunut, , 
176419, -2078, 2456, -2467, 102, f9dd303c-eeec-4609-9084-a2c15d04af3c, , qunut, qunut, , 
176455, -2084, 2478, -2508, 102, f9dd303c-eeec-4609-9084-a2c15d04af3c, , qunut, qunut, , 
176491, -2054, 2520, -2532, 102, f9dd303c-eeec-4609-9084-a2c15d04af3c, , qunut, qunut, , 
176527, -2086, 2512, -2502, 102, f9dd303c-eeec-4609-9084-a2c15d04af3c, , qunut, qunut, , 
176563, -2079, 2481, -2460, 102, f9dd303c-eeec-4609-9084-a2c15d04af3c, , qunut, qunut, , 
176600, -2067, 2486, -2458, 102, f9dd303c-eeec-4609-9084-a2c15d04af3c, , qunut, qunut, , 
176636, -2087, 2470, -2505, 102, f9dd303c-eeec-4609-9084-a2c15d04af3c, , qunut, qunut, , 
176672, -2083, 2496, -2489, 102, f9dd303c-eeec-4609-9084-a2c15d04af3c, , qunut, qunut, , 
176708, -2059, 2486, -2464, 102, f9dd303c-eeec-4609-9084-a2c15d04af3c, , qunut, qunut, , 
176744, -2078, 2504, -2470, 102, f9dd303c-eeec-4609-9084-a2c15d04af3c, , qunut, qunut, , 
176781, -2048, 2513, -2456, 102, f9dd303c-eeec-4609-9084-a2c15d04af3c, , qunut, qunut, , 
176827, -2072, 2493, -2496, 102, f9dd303c-eeec-4609-9084-a2c15d04af3c, , qunut, qunut, , 
176874, -2069, 2468, -2479, 102, f9dd303c-eeec-4609-9084-a2c15d04af3c, , qunut, qunut, , 
176920, -2069, 2483, -2485, 102, f9dd303c-eeec-4609-9084-a2c15d04af3c, , qunut, qunut, , 
176967, -2081, 2499, -2454, 102, f9dd303c-eeec-4609-9084-a2c15d04af3c, , qunut, qunut, , 
177013, -2081, 2466, -2466, 102, f9dd303c-eeec-4609-9084-a2c15d04af3c, , qunut, qunut, , 
177060, -2084, 2494, -2477, 102, f9dd303c-eeec-4609-9084-a2c15d04af3c, , qunut, qunut, , 
177106, -2093, 2499, -2497, 102, f9dd303c-eeec-4609-9084-a2c15d04af3c, , qunut, qunut, , 
177153, -2062, 2516, -2476, 102, f9dd303c-eeec-4609-9084-a2c15d04af3c, , qunut, qunut, , 
177199, -2097, 2480, -2473, 102, f9dd303c-eeec-4609-9084-a2c15d04af3c, , qunut, qunut, , 
177246, -2083, 2508, -2472, 102, f9dd303c-eeec-4609-9084-a2c15d04af3c, , qunut, qunut, , 
177278, -2089, 2476, -2479, 102, f9dd303c-eeec-4609-9084-a2c15d04af3c, , qunut, qunut, , 
177310, -2085, 2515, -2508, 102, f9dd303c-eeec-4609-9084-a2c15d04af3c, , qunut, qunut, , 
177343, -2055, 2476, -2490, 102, f9dd303c-eeec-4609-9084-a2c15d04af3c, , qunut, qunut, , 
177375, -2046, 2508, -2454, 102, f9dd303c-eeec-4609-9084-a2c15d04af3c, , qunut, qunut, , 
177408, -2078, 2509, -2488, 102, f9dd303c-eeec-4609-9084-a2c15d04af3c, , qunut, qunut, , 
177440, -2071, 2487, -2493, 102, f9dd303c-eeec-4609-9084-a2c15d04af3c, , qunut, qunut, , 
177472, -2075, 2518, -2490, 102, f9dd303c-eeec-4609-9084-a2c15d04af3c, , qunut, qunut, , 
177505, -2065, 2517, -2488, 102, f9dd303c-eeec-4609-9084-a2c15d04af3c, , qunut, qunut, , 
177537, -2071, 2513, -2469, 102, f9dd303c-eeec-4609-9084-a2c15d04af3c, , qunut, qunut, , 
177570, -2074, 2503, -2490, 102, f9dd303c-eeec-4609-9084-a2c15d04af3c, , qunut, qunut, , 
177611, -2088, 2477, -2493, 103, f9dd303c-eeec-4609-9084-a2c15d04af3c, , qunut, qunut, , 
177652, -2085, 2480, -2471, 103, f9dd303c-eeec-4609-9084-a2c15d04af3c, , qunut, qunut, , 
177693, -2080, 2496, -2505, 103, f9dd303c-eeec-4609-9084-a2c15d04af3c, , qunut, qunut, , 
177734, -2083, 2531, -2493, 103, f9dd303c-eeec-4609-9084-a2c15d04af3c, , qunut, qunut, , 
177775, -2071, 2513, -2458, 103, f9dd303c-eeec-4609-9084-a2c15d04af3c, , qunut, qunut, , 
177816, -2073, 2488, -2459, 103, f9dd303c-eeec-4609-9084-a2c15d04af3c, , qunut, qunut, , 
177857, -2069, 2489, -2477, 103, f9dd303c-eeec-4609-9084-a2c15d04af3c, , qunut, qunut, , 
177898, -2087, 2477, -2509, 103, f9dd303c-eeec-4609-9084-a2c15d04af3c, , qunut, qunut, , 
177939, -2071, 2492, -2475, 103, f9dd303c-eeec-4609-9084-a2c15d04af3c, , qunut, qunut, , 
177980, -2084, 2475, -2479, 103, f9dd303c-eeec-4609-9084-a2c15d04af3c, , qunut, qunut, , 
178021, -2096, 2495, -2490, 103, f9dd303c-eeec-4609-9084-a2c15d04af3c, , qunut, qunut, , 
178056, -2064, 2501, -2493, 103, f9dd303c-eeec-4609-9084-a2c15d04af3c, , qunut, qunut, , 
178092, -2078, 2515, -2492, 103, f9dd303c-eeec-4609-9084-a2c15d04af3c, , qunut, qunut, , 
178127, -2045, 2485, -2479, 103, f9dd303c-eeec-4609-9084-a2c15d04af3c, , qunut, qunut, , 
178163, -2052, 2508, -2476, 103, f9dd303c-eeec-4609-9084-a2c15d04af3c, , qunut, qunut, , 
178199, -2078, 2509, -2492, 103, f9dd303c-eeec-4609-9084-a2c15d04af3c, , qunut, qunut, , 
178234, -2083, 2485, -2454, 103, f9dd303c-eeec-4609-9084-a2c15d04af3c, , qunut, qunut, , 
178270, -2090, 2508, -2485, 103, f9dd303c-eeec-4609-9084-a2c15d04af3c, , qunut, qunut, , 
178305, -2079, 2498, -2505, 103, f9dd303c-eeec-4609-9084-a2c15d04af3c, , qunut, qunut, , 
178341, -2044, 2536, -2473, 103, f9dd303c-eeec-4609-9084-a2c15d04af3c, , qunut, qunut, , 
178377, -2072, 2511, -2481, 103, f9dd303c-eeec-4609-9084-a2c15d04af3c, , qunut, qunut, , 
178420, -2055, 2507, -2479, 103, f9dd303c-eeec-4609-9084-a2c15d04af3c, , qunut, qunut, , 
178463, -2058, 2519, -2482, 103, f9dd303c-eeec-4609-9084-a2c15d04af3c, , qunut, qunut, , 
178507, -2060, 2495, -2492, 103, f9dd303c-eeec-4609-9084-a2c15d04af3c, , qunut, qunut, , 
178550, -2053, 2486, -2465, 103, f9dd303c-eeec-4609-9084-a2c15d04af3c, , qunut, qunut, , 
178594, -2076, 2497, -2483, 103, f9dd303c-eeec-4609-9084-a2c15d04af3c, , qunut, qunut, , 
178637, -2078, 2519, -2480, 103, f9dd303c-eeec-4609-9084-a2c15d04af3c, , qunut, qunut, , 
178680, -2070, 2517, -2496, 103, f9dd303c-eeec-4609-9084-a2c15d04af3c, , qunut, qunut, , 
178724, -2079, 2506, -2477, 103, f9dd303c-eeec-4609-9084-a2c15d04af3c, , qunut, qunut, , 
178767, -2083, 2491, -2481, 103, f9dd303c-eeec-4609-9084-a2c15d04af3c, , qunut, qunut, , 
178811, -2071, 2518, -2467, 103, f9dd303c-eeec-4609-9084-a2c15d04af3c, , qunut, qunut, , 
178846, -2092, 2481, -2486, 103, f9dd303c-eeec-4609-9084-a2c15d04af3c, , qunut, qunut, , 
178881, -2072, 2468, -2470, 103, f9dd303c-eeec-4609-9084-a2c15d04af3c, , qunut, qunut, , 
178917, -2078, 2499, -2474, 103, f9dd303c-eeec-4609-9084-a2c15d04af3c, , qunut, qunut, , 
178952, -2060, 2546, -2466, 103, f9dd303c-eeec-4609-9084-a2c15d04af3c, , qunut, qunut, , 
178987, -2067, 2524, -2448, 103, f9dd303c-eeec-4609-9084-a2c15d04af3c, , qunut, qunut, , 
179023, -2061, 2533, -2421, 103, f9dd303c-eeec-4609-9084-a2c15d04af3c, , qunut, qunut, , 
179058, -2062, 2527, -2440, 103, f9dd303c-eeec-4609-9084-a2c15d04af3c, , qunut, qunut, , 
179093, -2079, 2542, -2475, 103, f9dd303c-eeec-4609-9084-a2c15d04af3c, , qunut, qunut, , 
179129, -2077, 2517, -2494, 103, f9dd303c-eeec-4609-9084-a2c15d04af3c, , qunut, qunut, , 
179164, -2082, 2485, -2475, 103, f9dd303c-eeec-4609-9084-a2c15d04af3c, , qunut, qunut, , 
179200, -2087, 2511, -2434, 103, f9dd303c-eeec-4609-9084-a2c15d04af3c, , qunut, qunut, , 
179241, -2097, 2511, -2459, 103, f9dd303c-eeec-4609-9084-a2c15d04af3c, , qunut, qunut, , 
179283, -2092, 2530, -2464, 103, f9dd303c-eeec-4609-9084-a2c15d04af3c, , qunut, qunut, , 
179324, -2083, 2508, -2466, 103, f9dd303c-eeec-4609-9084-a2c15d04af3c, , qunut, qunut, , 
179366, -2102, 2499, -2444, 103, f9dd303c-eeec-4609-9084-a2c15d04af3c, , qunut, qunut, , 
179407, -2087, 2518, -2413, 103, f9dd303c-eeec-4609-9084-a2c15d04af3c, , qunut, qunut, , 
179449, -2073, 2490, -2399, 103, f9dd303c-eeec-4609-9084-a2c15d04af3c, , qunut, qunut, , 
179490, -2088, 2518, -2429, 103, f9dd303c-eeec-4609-9084-a2c15d04af3c, , qunut, qunut, , 
179532, -2098, 2503, -2462, 103, f9dd303c-eeec-4609-9084-a2c15d04af3c, , qunut, qunut, , 
179573, -2084, 2508, -2425, 103, f9dd303c-eeec-4609-9084-a2c15d04af3c, , qunut, qunut, , 
179615, -2102, 2496, -2436, 103, f9dd303c-eeec-4609-9084-a2c15d04af3c, , qunut, qunut, , 
179649, -2071, 2502, -2464, 103, f9dd303c-eeec-4609-9084-a2c15d04af3c, , qunut, qunut, , 
179684, -2073, 2503, -2463, 103, f9dd303c-eeec-4609-9084-a2c15d04af3c, , qunut, qunut, , 
179718, -2066, 2538, -2467, 103, f9dd303c-eeec-4609-9084-a2c15d04af3c, , qunut, qunut, , 
179753, -2078, 2512, -2451, 103, f9dd303c-eeec-4609-9084-a2c15d04af3c, , qunut, qunut, , 
179788, -2131, 2506, -2446, 103, f9dd303c-eeec-4609-9084-a2c15d04af3c, , qunut, qunut, , 
179822, -2098, 2508, -2467, 103, f9dd303c-eeec-4609-9084-a2c15d04af3c, , qunut, qunut, , 
179857, -2091, 2504, -2470, 103, f9dd303c-eeec-4609-9084-a2c15d04af3c, , qunut, qunut, , 
179892, -2073, 2531, -2479, 103, f9dd303c-eeec-4609-9084-a2c15d04af3c, , qunut, qunut, , 
179926, -2075, 2490, -2433, 103, f9dd303c-eeec-4609-9084-a2c15d04af3c, , qunut, qunut, , 
179961, -2071, 2469, -2438, 103, f9dd303c-eeec-4609-9084-a2c15d04af3c, , qunut, qunut, , 
179996, -2052, 2500, -2481, 103, f9dd303c-eeec-4609-9084-a2c15d04af3c, , qunut, qunut, , 
180036, -2083, 2506, -2490, 102, f9dd303c-eeec-4609-9084-a2c15d04af3c, , qunut, qunut, , 
180076, -2076, 2502, -2469, 102, f9dd303c-eeec-4609-9084-a2c15d04af3c, , qunut, qunut, , 
180117, -2068, 2508, -2416, 102, f9dd303c-eeec-4609-9084-a2c15d04af3c, , qunut, qunut, , 
180157, -2089, 2511, -2428, 102, f9dd303c-eeec-4609-9084-a2c15d04af3c, , qunut, qunut, , 
180198, -2098, 2494, -2457, 102, f9dd303c-eeec-4609-9084-a2c15d04af3c, , qunut, qunut, , 
180238, -2090, 2501, -2484, 102, f9dd303c-eeec-4609-9084-a2c15d04af3c, , qunut, qunut, , 
180278, -2081, 2495, -2460, 102, f9dd303c-eeec-4609-9084-a2c15d04af3c, , qunut, qunut, , 
180319, -2054, 2482, -2430, 102, f9dd303c-eeec-4609-9084-a2c15d04af3c, , qunut, qunut, , 
180359, -2107, 2481, -2439, 102, f9dd303c-eeec-4609-9084-a2c15d04af3c, , qunut, qunut, , 
180400, -2081, 2461, -2441, 102, f9dd303c-eeec-4609-9084-a2c15d04af3c, , qunut, qunut, , 
180438, -2068, 2518, -2486, 102, f9dd303c-eeec-4609-9084-a2c15d04af3c, , qunut, qunut, , 
180476, -2061, 2466, -2435, 102, f9dd303c-eeec-4609-9084-a2c15d04af3c, , qunut, qunut, , 
180514, -2045, 2476, -2417, 102, f9dd303c-eeec-4609-9084-a2c15d04af3c, , qunut, qunut, , 
